-- phpMyAdmin SQL Dump
-- version 5.1.1
-- https://www.phpmyadmin.net/
--
-- Host: 127.0.0.1
-- Generation Time: Feb 29, 2024 at 06:56 PM
-- Server version: 10.4.20-MariaDB
-- PHP Version: 8.0.9

SET SQL_MODE = "NO_AUTO_VALUE_ON_ZERO";
START TRANSACTION;
SET time_zone = "+00:00";


/*!40101 SET @OLD_CHARACTER_SET_CLIENT=@@CHARACTER_SET_CLIENT */;
/*!40101 SET @OLD_CHARACTER_SET_RESULTS=@@CHARACTER_SET_RESULTS */;
/*!40101 SET @OLD_COLLATION_CONNECTION=@@COLLATION_CONNECTION */;
/*!40101 SET NAMES utf8mb4 */;

--
-- Database: `kacademy_db`
--

-- --------------------------------------------------------

--
-- Table structure for table `admin`
--

CREATE TABLE `admin` (
  `idadmin` int(11) NOT NULL,
  `nombresa` varchar(50) NOT NULL,
  `apellidosa` varchar(50) NOT NULL,
  `prioridad` int(11) NOT NULL,
  `username` varchar(50) NOT NULL,
  `pass` varchar(50) NOT NULL
) ENGINE=InnoDB DEFAULT CHARSET=utf8mb4;

--
-- Dumping data for table `admin`
--

INSERT INTO `admin` (`idadmin`, `nombresa`, `apellidosa`, `prioridad`, `username`, `pass`) VALUES
(1, 'Gustavo', 'Soberanes', 1, 'gustavo.soberanes', '123StayFresh'),
(2, 'Dani', 'Cuyate', 2, 'Danicuyate', 'DaniCuya123');

-- --------------------------------------------------------

--
-- Table structure for table `alumno`
--

CREATE TABLE `alumno` (
  `idalumno` int(11) NOT NULL,
  `dni` decimal(8,0) NOT NULL,
  `nombres` varchar(100) NOT NULL,
  `f_naci` date NOT NULL,
  `correo` varchar(500) NOT NULL,
  `distrito` varchar(100) DEFAULT NULL,
  `telef` varchar(12) NOT NULL,
  `descrip` varchar(1000) DEFAULT NULL,
  `photo` blob NOT NULL
) ENGINE=InnoDB DEFAULT CHARSET=utf8mb4;

--
-- Dumping data for table `alumno`
--

INSERT INTO `alumno` (`idalumno`, `dni`, `nombres`, `f_naci`, `correo`, `distrito`, `telef`, `descrip`, `photo`) VALUES
(1, '60449007', 'David Boris, Hurtado Diaz', '2000-12-13', 'david@gmail.com', 'Surco', '983720200', 'Por FB', 0x89504e470d0a1a0a0000000d4948445200000200000002000806000000f478d4fa0000000473424954080808087c086488000000097048597300000dd700000dd70142289b780000001974455874536f667477617265007777772e696e6b73636170652e6f72679bee3c1a0000200049444154789ceddd799864757deff1cfef9c3a55bdcc0cb3b1c8a220a0228a6804bd2a1263c3cc68ec01358da2e272a3315d23222a301df7a57a502e6a98ea444d02c635a55e605086a550c1e5026e51511394805141b6d9a797dacefda37ac230ccf4747557d5f72cefd7f3f4c3fd2bf326374c7dfa77ea9ce3c23014809828179ca443251d2be91849cb242d98fee9dfdf3fa7b66deaa9d72a72ce8592ab3be76a72ae2aa92ae7a69cdca49c2624372e69a7736ebb9cbb4772b73be76e0e06477fdfed7f65009de1180040c4343fe40f53f303fed83dfe79b4a4beb9fe8f9edab649f5ead49cd39cf31acef3773acf7b40cefdce79de2f25f743e7dc77180740bc3000004bcd0ffbe3249d2ae985929ea6e6877c6f27feb8f90e8099fccf38f0bdbb9de7dfe49cf72fc1e0e81d1df9c300cc1b0300e8a672c193f474353ff04f95748aa403bbf5c7777200ec8df3fd8ae765fecb79fe779ce77d2e181cbdb56b7f3880193100804e2a177c49cfd423bfe19f226989554eb707c09e9ce7d73c3ff3dfcef3bee73cef8bc1e0ba1bcc628094630000ed562e64240d487aada497495a641bf408eb01b027e779752f93fda9f3fc4bb3abd77dd9ba0748130600d02ee5c2c96a7ee89f25e920e39abd8ada00d89df3fd29cfcf7ed7f3fd0f0783a3b758f70049c70000e6a35c3856d26b249dade637f5232dca0360775e26d8eef9996b9de7bf2f181cbdd3ba0748220600d0aa72e12049af52f383ff64e39a96c46500eccecb641ff0fc4cc979de0783c1d187ac7b80a4600000b3552e3c43d24592fe4a926f5c3327711c00bb38e7422fc8ddeef999bfe6f64260fe1800c0fe940bcf973422e925d629f315e701f03f9c931f64eff0fce06f82c1d11f58e70071c50000f6a55c582569ad9ab7ee25422206c06efc20779797c99c1b0caebbd6ba05881b0600b0bbe6837a5ea9e607ff89c6356d97b401b08b1764ffe8f9c145d9d5ebbe60dd02c405030090a472212be91c49172806dfe69faba40e805dbc4cf09097c97e28bb7add65d62d40d431008072e195922e957484754aa7257d00ece26582cd7e907d5d30b8ee9bd62d40543100905ee5c23192d64b5a619dd22d691900bbf8d99e5b3d3ff3326e1f041e8b0180f429177ad4bcc67fa1a49c714d57a56d0048cdf70ff8d9dc25d9d517afb56e01a284018074697eb3ff32355fb99b3a691c00bb7899ec037e90fd2b1e330c343100900ee5c211923e29e9e5d62996d23c00244d3f4320f72dcfcf9c190c8e6eb3ce012c3100906ce54220e91d92de27a9dfb8c65cea07c034e7f9553fdbf3deecea75175bb70056180048aee6a37bbf28e978eb94a860003c9a1f647fe765b2a70483a3bfb76e01bacdb30e003aa25c788ba45bc5873f6650af569e509b9ab8ab72f545afb56e01ba8d1300244bb9b040d26724bdda3a258a3801d807e794c9f694b2677cec2ceb14a05b1800488e72e104495f95f424eb94a86200cccc0bb27ff033d9e771490069c025002443b9f0d76a1ef9f3e18f396b542b8773490069c10900e2ad5ce897f48f92f80b7b16380198252e092005180088af72e1696a1ef93fc53a252e1800ade19200928c4b0088a772e1f5926e171ffee8a0ffb924b0e1224e0290380c00c44fb9f01e495748ea352e410a848d7a509b1cff72e5ea8bde61dd02b4139700101fe58293f429496fb34e892b2e01cc8373cae47a2fc9aebef8ddd629403b70028078683ed2f74be2c31f56c250b5c9f17755aebae04bd629403b3000107dcd87fb7c43d2abac5380dad4c4aba7ae7cf7b7ac3b80f9e21200a2ad5c582ee95a492759a724019700dac7cfe67ee1f9c1b382c1d19a750b30179c0020baca85c74bfa9ef8f04704d52b534f6fd42a775537ac5d60dd02cc050300d1542e1c2fe907929e6c9d02ec4bbd5a797cbd3af5bbea86b5075bb700ad6200207aca85e749faaea4c3ac5380fd69d4aa4beb95c9bbaa1bd6f24c0ac40a0300d1522efc2f49374a5a629d02cc56a35eebaf5526ffbdba61edd1d62dc06c3100101dcd63ff6f4aeab34e015a15d66bb97a75eaa7d50d6b975bb700b3c100403434bff077bdf8cd1f31d6a85517d6ab955f5637acedb16e01f68701007bcd5bfd6e10d7fc91008d5ae5a046ad7a877507b03f0c00d86abecef79be2dbfe48907a75eae8a92bdf7dab750730130600ec341feffb7f259d6c9d02b45bbd32f99cca55175c6ddd01ec0b0300369a2ff6f99ca4d3ad53804ea94d4d0c56aebaf01fac3b80bd6100c0caa724bdda3a02e8b4dad4f85b2b575ff81eeb0e604f0c00745fb9f077e2ad7e4891dad4c4872b575ff426eb0e6077bc0c08dd552ebc4ed2bf5a67a4152f03b2e39c17667afa5e180c8e7ecfba05901800e8a6e6837e6e170ffa31c300b0e5f9999d7eb6e79060707487750bc025007447f376bfaf8a0f7fa458a35eeb6fd4abdfb7ee00240600ba674cd271d61180b57a65ea84cad5175e62dd013000d079e5c29b249d639d0144457d6ae2fcea86b52fb6ee40baf11d007456b9f03435affbf75aa780ef004489e76726fc6ccfa1c1e0e816eb16a4132700e89c7261819ad7fdf9f007f6d0a8d77a1b35be0f003b0c0074d23f4a7a8a75041055f5ead4532b575db8deba03e9c4004067940b6f96f41aeb0c20ea6a9589e1ea868b5e62dd81f4e13b0068bf72e10449b749e29de811c37700a2c9f999c94cb6e7b060707493750bd2831300b457b99091f405f1e10fcc5a58aff534eab51bad3b902e0c00b4dbdb253ddd3a02889b7a65f259d50d17bdd2ba03e9c12500b44fb97098a4ff90b4c03a057bc7258068f332c1363fc82d0906471bd62d483e4e00d04e9f101ffec09c356ad54561a3f169eb0ea4032700688f72e17449d75b6760669c00449f735e23d3d3f7c46070f477d62d48364e00307fe5424e12f732036d10860daf51af7ed3ba03c9c700403b5c28e958eb082029ea95a9e32b575ff45aeb0e241b9700303fe5c21325fd52dcf6170b5c02880fcfcfecf4b33d8b83c1d19a750b92891300ccd765e2c31f68bb46bdd61f36ea57587720b9180098bb72e14c493cc214e8907a65eaecea86b54fb2ee403231003037e54220e952eb0c20c9c2b0e11af5ead7ad3b904c0c00ccd56b241d691d01245dbd5a795a75c3da13ac3b903c0c00b4ae5cf0245d649d01a44218aa51af7dd63a03c9c300c05cbc5cd293ad2380b4a857a74eaa6e587b94750792850180b918b10e0052250c5da35efb67eb0c240b0300ad2917564a7aa6750690368d6ae5cfab1bd61e64dd81e46000a055fcf60f1808c3860b1b75be0b80b6610060f6ca8517483ac53a0348ab7a75eaa5d50d6b175977201918006805bffd0386c246c30f1bf5a27507928177016076ca85674afa897506e6877701c49ff3fc6a26d7bb20181cad58b720de3801c06cadb50e0020858d7a10361a3c8513f3c600c0fe950b87a879ef3f800868d4abe7583720fe1800988db324f9d611009a1ab5eac2ea86b52fb4ee40bc3100301b675b070078b446bdfe5eeb06c41b0300332b178e9174b2750680476bd42bdc928b796100607ff8ed1f88a0b05ecf55aebee8d5d61d882f0600f68701004454d8a89f6fdd80f8620060dfca853f136ffd0322ab51ab3cb3ba616dc6ba03f1c400c04cf8ed1f88b0b0d1f0c3303ccfba03f1c400c0de950b9ea457596700985958afbdc5ba01f1c400c0befcb9a443ad2300ccac51ab1c53ddb076b17507e28701807de1f81f8881300c5d1836de63dd81f86100e0b1ca052769b5750680d909ebf5575837207e1800d89be3252db78e00303b8d7af508eb06c40f03007bc333c68118091b0dbfba61eda9d61d88170600f686bf488098091b0dde1088963000b0379c0000311336ea0c77b4840180472b179e24e910eb0c00ad69d46b4fb06e40bc3000b0277e8b0062286cd433d50d6b9f63dd81f86000604f1cff033115361aafb76e407c3000b0274e0080980a1bf5175937203e18007844b9709424ee270662aa51af3dd1ba01f1c100c0ee38fe07622c6cd4b3d50d6b4fb0ee403c3000b03b0600107361d878837503e2810180dd3ddd3a00c0fc848dc69f5937201e1800d8dd31d60100e6290c1f6f9d80786000a0a95c58266989750680f9091bf503ad1b100f0c00ecc26fff4002848d469f7503e28101805d8eb50e00307f61d870d50d6b8fb2ee40f43100b00b03004888300cb9a307fbc500c02e5c020092220c9f6d9d80e8630060174e00808408c3c653ad1b107d0c00ecc20900901461c8ab81b15f0c00700b20903061d8e05640ec17030012bffd03891236ea0bac1b107d0c00485cff0712256c34bcea86b5075b7720da180090a465d60100da8e618f19310020491c170289132eb72e40b431002049fdd60100da2b0cc500c08c1800903801009268a97500a28d01008901002450c800c08c180090b80400244fa8c5d60988360600244e0080040a0fb02e40b431002071020024d142eb00441b030012270040e28461c800c08c1800903801009288ffae31230600244e0080e409c33eeb04441b030012bf290009c400c0cc180090a4ac750080f60aa58c7503a28d0100491ab70e00d05e4e6ed2ba01d1c6008024edb00e00d0664e13d609883606002469a77500807673fc778d193100207102002411030033620040e22f0a20719c73dbac1b106d0c00489c000049c400c08c18009038010092c7b9add60988360600244e008024da6c1d8068630040e204004820c700c08c18009038010092e861eb00441b030012270040e238a707ad1b106d0c00489c000009e418009811030092f47beb00006df74beb00441b030092f45beb0000ede33cbf1a0c8ef23220cc88010049ba4b52c33a02407b38cfe71900d82f0600a4819129497fb0ce00d01ece73f75a3720fa1800d8e537d60100dac339ef2eeb06441f0300bb300080a470eee7d609883e060076e18b80404238e76eb56e40f43100b00b27004062b8ef591720fa1800d885130020019ce7d782c1511eee85fd620060176e050412c079de36eb06c40303004ddc0a08248273de9fac1b100f0c00ec8eef010031e73cefbfac1b100f0c00ecee76eb0000f3e4bc1bac13100f0c00ecee16eb0000f3e09c9c739fb3ce403c3000b0bbef4baa5b4700981bcfcf6c0d0647f9122066850180470c8c6c97f453eb0c0073e33cff17d60d880f0600f674b3750080b9719e7f8d7503e28301803d3100809872cefd8b7503e28301803d7d4f3c1008881dcf0f760483a30f5977203e180078b48191cd92b88e08c48cf3fd3bac1b102f0c00ec0d97018098719e77ad7503e2850180bde1790040cc38e771fd1f2d6100606f1800408c787e663c181cfda37507e2850180c71a1879507c0f00880de767b8fe8f963100b02f5fb10e00303bcef33f65dd80f86100605fbe6c1d0060ff9cef4f6557affb927507e2870180bd1b18b95bd2ffb3ce003033cfcf7ed7ba01f1c400c04cbe681d0060669eef7fd8ba01f1c400c04c4a926ad61100f6cecb04db83c151eedac19c3000b06fcdbb01cad61900f6cef3333cfc0773c600c0fe7019008828e7f9efb36e407c3100b03f57491ab78e00f0685e26fb4030387aa77507e28b0180990d8cec90b4c13a03c0a3797ea664dd807863006036b8c7188812e742e7791fb4ce40bc3100301bd749e23de34044f899ec7f0583a3fc378979610060ff0646aa92fede3a03409397c95c64dd80f8630060b62e93b4dd3a02483b2f93bd3f185cf735eb0ec41f0300b33330b245d23f58670069e76582f75a372019180068c5a59226ad2380b4f232c196ecea759fb5ee40323000307b0323f74bfa17eb0c20adbc4c769d750392830180567d4cbc1f00e83acfcfecccae5e77b1750792830180d60c8cfc4e3c1700e83a2fc8aeb76e40b230003017eb2485d611405a383f33e59c3762dd81646100a0750323bf9674a5750690167e267b453038dab0ee40b23000305705eb00200d9ce7d79ce79d67dd81e46100606e06467e2c5e1204749c1fe4fe35181ce5f65bb41d0300f3f1764913d6114052797eb0dd79de9bad3b904c0c00ccddc0c83d923e6a9d01249597cdbe996bffe8140600e6ebe392fed33a02481a3fdbf3b3ece0ba7fb3ee40723100303f0323154979eb0c20499ce7353c3ff332eb0e241b0300f337307293a4af58670049e1073d9f0e06477f6fdd81646300a05dce17af0b06e6cdcb045bb2675c3c6cdd81e46300a03d0646ee93f43eeb0c20eefc207b8e7503d281018076ba4cd2cfac2380b8f2b33db70783ebaeb1ee403a3000d03e03237549c3e23d0140cb9ce7d53d3f3368dd81f46000a0bd06467e20e933d61940dcf8d99e8f0783a3f75b77203d1800e8847748bac33a02880b3f9bfb4576f5c56bad3b902e0c00b4dfc0c884a4bf92b4d33a05883acfcf8c7b7ef03ceb0ea40f03009d3130f21f92de6a9d014499732ef4b33dab82c1d11dd62d481f06003a6760e40b92fec93a03882a3fd77b7130387a8b7507d28901804e3b57d2cfad2380a8f1b33d3fe1ba3f2c3100d059cdef030c49e2881398e6f9c10ecfcf9c62dd81746300a0f30646fe53d25bac33802870ce0bfd6ceeb4607074dcba05e9c60040770c8c7c593c1f00909febf95030387aab7507c0004037bd5d3c2a1829e6677b6ecbaebef803d61d80c40040370d8c4c4a7a85a407ac53806ef332c1439e9ff973eb0e60170600ba6b60e42e49abc4ab8391229e9fd9e907b9e383c1d149eb1660170600ba6f60e42792564b9ab24e013acdf97ec5cff63c2b181ce5e40b91c200808d81916f4b7a8da486750ad029cef3ea996cef8b82c1d13bad5b803d3100606760e4eb6abe3e18481ce7bc3093eb7d653038fa03eb16606f1800b03530f26949efb7ce00daca39f9b9dee16070dd55d629c0be3000606f60e443928ad61940bb6472bd1fc9ae5ef78fd61dc04c1800888a7325fd9b7504305f995cdfe5d9d517bfd7ba03d81f0600a26160a421e91c4965eb1460aefc5ceff5d9332e7e937507301b0c0044c7c04845d29992f8d21462c7cff6dc963be3632bad3b80d96200205a064676483a4dd2b5d629c06cf9b9deeb73677efcb9d61d402b1800889e819171351f14f479eb14607f32b9becbf9cd1f71c40040340d8cd424bd5ed2ffb14e01f6ca39657afa3eca357fc4950bc3d0ba019859b97081a48bad3392606adb26d5ab3c8179be9c73a19feb7b5b76f53a6e5f456c710280e81b18f998a4374aaa59a700cef31a999ebe213efc11770c00c4c3c0c815925e2e69c2b80429e63cbf9ac9f5bd28185cf735eb1660be1800888f81916b249d2e698b750ad2c7f333e3995cef89c1e0e82dd62d403b3000102f0323df93f44249f75aa7203dbc4cb0d9cff61c130c8efecaba0568170600e26760e417929e2de93bc62548013fdbf3233fc81d1e0c8ede67dd02b413770120beca055fd207248d88313b2bdc05307bce79a19febf928cff547523100107fe5c2e992be20e940eb94a86300cc8ee707dbfd6ceef46070f456eb16a053f8ad09f137307283a41325f1e52ccc9b9fedf9919fcd1dc2873f928e13002447f392c08724ad95e48c6b228913807de3c81f69c30040f2940b2bd57c8fc072eb94a86100ec1d47fe48232e0120790646ae53f392c0f7ac53107d1cf923ad38014072950b194917487a8fa45ee39a48e004e011cef3ab7e36f781ecea8b0bd62d8005060092af5c3852d2df4b7a99718939068024e7e407b95b3c3fb33a181ce5a992482d0600d2a35c78999a43e048e31233691f005e2678c80f72af0a06476fb26e01ac3100902ee542af9a9704de25296b5cd375691d00cef3ea7eb6e793d9d517bfcbba05880a0600d2a95c78b2a4a2a4175ba774531a07809fedf991e767fe32181cbddfba0588120600d2ad5c7895a44b253dce3aa51bd23400bc4cb0d50fb26f0806d75d65dd024411b70122dd0646be22e929923e266987710ddac0797e3593ebfbb41fe496f2e10fec1b2700c02ee5c21249e74eff2c35aee988249f00787e66d20bb29f75ce7b5730385ab1ee01a28e0100eca95ce897f45649e74b3ad4b8a6ad9238003c3fd8ee05c1279cf33e180c8e36ac7b80b8600000fb522ee424bd41cd87093dd136a63d923400bc4cb0c9cb643f925dbdee13d62d401c310080fd69be64e855922e92f434e39a7949c200f082ec7d9e1faccdae5ef739eb1620ce1800c06c950b4ed2a0a4bca4bf90e4db06b52eae03c039177a99ec6fbc4ce65dc1e0ba6bac7b802460000073512e1c22e92c49af91749271cdacc56b00387941709fe767bee49cf7111edb0bb417030098af72e15849674fff3cc9b866467118005e26d8e2f9996b9ce7bf3f181cbddbba07482a0600d04ee5c2b3d53c15384b117cb850540780e767265d26f896e7f91f0a06476fb3ee01d28001007442b9e0a9f93d8133259d2ae9a9929c6993a235003c3fd8ee7cffe79eef5fc2037b80ee630000dd502e2c97748a9a63e085929e218327719a0d00e7e4f999cdcef37fee3cff1ae7dce782c1d187ba1f026017060060a15c3840d20bd41c04a74a7a96a44ca7ffd86e0d00e75ce8fce021e7fb3f71cebbd239f7c5607094472d0311c20000a2a05c5820e97f497abaa463241d3bfdcfc7ab8d27056d1f00cec979fe94f3bc4dce797f70cefda79c77bd73aec4e378816863000051d67c1ae113f5e85130e77130a701d0fc909f749eb7d939eff7ceb93be5bc9f38e77e20e9873c7e17882706001057e54256d212490ba67ffaf7f7cfcace6dcf0a1bb51ec94d486e8773da21699be4b6c9698be4b648dae49c3649ee41490f4aba8b0f792079180098b37c49cb251d2569991efd61b3b70fa01e353f4cfe20e9f792ee96746b7148b5ee9703f6568dc9ab357476bda1e7d4431d556be8f07a43cb9c54734e139ed384731af79cb63b698773dae69cb63969b3e7f480e7749be7f4f38dc3629c614e1800d8a77c4939353fe08f52f3187af79fa3242d9ce71ff1b0a42b257d4dd24d8c0124ddf487fe5b26aa7acbb6499d30559bdfe3a43d27e5329aca66b435f0755fc6d3dd194fbff43dfdc873fac175c37aa05ded481e0600fe47bea4c74b7afe6e3f27a87bb7aa6d923426e9d2e2903677e9cf04ba62e598964e5475f9e671bd74be1ffaade80d54e9cbea9e5c46df0b7c7de586bc6eecd69f8de86300a454be245fcd0ff817e8910ffcc34da39ab649fa949a438067bf23d6568e69f16455fff2f04eadaed4bbffdc873d05be1afd59dddf13e8c7595f1b329ebebc7158dc9e99520c8014c997d4236995a421492fd5fc8ff03b69aba44faa3904b659c700ad5835a6be89aaae78785c2faf74f137fe56794e5ad4a3fbfbb3ba329bd147ae1bd61fad9bd03d0c80849bbe8ebf42cd0ffd4145fb437f6fee93f48ee290fecd3a04988d81f53aefa11d5a375155cebaa515d363e04ffd597d3d9bd147af1bd67dd64de82c064002e54bca4a3a4dcd0ffdd5920eb02d6a8b1b24e58b43faad7508b0372bc6f4d46d13fac6a6711d65dd325fd363e0deddc6c0fdd64d683f064082e44b3a50d2df4aca4b3ac838a71326258d4abab838a468bcd106a9b76a4c9989aa3effe00e9d556bd8bff0a9dd7c4fe1d23efdac3fabb75f9fd72dd63d681f064002e44b7a8aa477483a47cdfbed93ee4e49c3c521dd641d82743b6dbdcede34aecfec9852bf754ba739498bfbf48785397df0c635fa27eb1ecc1f0320c6f225bd48d2f96a7ea12f71bf79ccc21592de591cd226eb10a4cbca312ddd31a58d0fedd0c969fc1b74614edb17f5ead3395f6b370ef3fc8eb86200c44cbe2427e92c4917487aa6714e14dc2fe96dc5217dd53a04e930b05eef7870872e9eac2ab06eb1d613a8baa45757f5067a13b713c60f032046f2253d5fd227249d64dd124157abf925416e634247ac1cd313b64deafa8777eac9d62d51d313a8babc5f97def4365d64dd82d96300c440bea423255dace6b7fab16f5b255d28e933c521f17fd8689b175fa6d107b6eb82283ccc27ca16f668cb925e0ddfb8465fb66ec1fe3100222c5fd24249236a7ec12f56f7141bbb59d29b8b43fa8d7508e26dc5984ed83aa16f6e1e8fc4533263c1495adaafdf2ccc69e8fabcfeddba07fbc60088a07c499ea4bf96f46125f376be6e9894f4414997f09221ccc58bfe5efffcc076bd3189b7f67583ef49cbfb75535f5643d70df345dd286200444cbea4a3247d5ecd67f363fefe5dd2ff2e0ee927d62188871545bd70d3b8aedc36a9a5d62d49d01ba872e002bde5c635fa9c750b1e8d011021f992dea8e68b70e2f6b8dea8ab4bfa3f923e501cd284750ca269d59832e3557dedc1ed5a5de7afc5b6724e3a6881bed59fd5aa8dc3aa58f7a089011001f992964bfa8ca433ad5b12eeb76a7e37e03bd6218896d38b7af9c33bf5af6978a08fa50539ed58d6af336ec8f310af28600018cb97f41249ff2ce910eb96940825fd93a4771787b4d53a06b6568d69c18e8aae7d70874ee1afc2eef03de9e085fafcb7cfd539d62d69c7003032fd6ade4bd57c763fbaef5e359f1b709575086c9cb65e7ff3e00e7d2a6e6fed4b8ac5bdba7f499f5e78ddb0eeb46e492b068081e997f66c90f45ceb16e86b6a3e49f04fd621e88e95633a78fb94ae7f78879ec1df7eb67a02550f5ea8336ec8eb5aeb9634e2a1165d36fde29edbc4877f54bc52d2aff225bdc93a049df7e2cbf49e7bb7ea0f0ff1e11f099355057fdca26f0cacd779d62d69c40940174dbfbce7eb929658b760afbe2de9dce290eeb00e417bad28eaa46d93faeaa6713dc1ba058fe539e99045faccb7cfd5df58b7a40903a04bf225bd5ed267255e20127175499f96f4bee2901eb68ec1fcac1cd3d2f18abef6d00ebd885bfba2efa085bae5bbe7e954eb8eb460007441bea40f497aaf75075ab259d2fb25fd034f128ca7bfb84c9f786887d64cd594b16ec1ec2dedd3dd8b7b75026f17ec3c0640074dbfbaf7336a3ed617f1f42b35c7db95bc60281e06d6ebdc2d13fad0f6491d60dd82b959d4a34dcbfa75f475c3da62dd92640c800eca97b45e52deba036df16b49eb247d891381687af165fac0d6099dbf7d8a276926c101bd7a70599f9ec84940e730003a245fd22592de69dd81b6bb47d2c7245d5e1cd2a4714beaad1a5366aaae8f6f19d7dfecaca8d7ba07edb5a457f72ee9d3d11b87f96fad1318001d902fe92392feceba031df527499749fa5c71487fb48e499b95633a6ab2aad12d133a73a2aaac750f3a67699fee59dcab63370e73f2d66e0c8036cb97f41e355fe38b746848ba51d2e592aee654a073568d295ba9eb829d15bd65eb848e68f057576a2cebd79d07f4e8b88dc36a58b7240903a08df225bd4bd2c7ad3b60668ba42f4bbaa238a4dbad6392e2f4a2564e54f4fe2d933aa952936fdd031bcb17e817df7f874eb0ee481206409be44b7ab5a42f597720327e25e90a495f280ee93ee396d85939a623a66a2a9463003600001424494441546c9bd4193ba6b4c0ba07d170c8225d7ff3dbb5d2ba232918006d902fe92449374b7c09098f5197749d9a636043718877a1efcbaa3165aa75bd7367456fdd32a12339e2c79e9ca4c316eba337bd4defb16e490206c03ce54b3a54d20f251d6add82c8dba4e629d115c521fdd83a262a4e2feab489aadebf7542cf9de2881ffbe17b0a0f5fac97df90e74d9ef3c5009887e957fade22e924eb16c4ceaf245d2369a3a4efa7e9d902abc694a93574ce544dafdb59d1b339e247ab7a32aa3dee001dcfab84e78701300ff992be24e9d5d61d88bd6d6ade49b051d2c6e290ee35ee69bb15459d58a96bcd4455a76d9fd211b5ba9c7513e26d618fb61ed8af43370e6bdcba25ae180073942f6944d247ad3b90483f53f33b25b749babd38a4df1af7b46c4551cfad36f4f24a4da78e57f4741ed2834e58d6affff8c1f93aceba23ae180073902f69a5a46b257e8b41573c2ce9f6e99fdb24fdb838a4076c931eb1a2a8136b0dbda252d70ba76a3a6ebca265d5ba3ceb2ea4c3a107e80bdf3e57afb3ee882306408bf2251d28e917920eb66e41aa6d91f45b49bfd9f39fc5213dd4ce3f68d59816d4439dd4087562bda1e3eb0d1d5d6be8b06a5dcb276b5ac4bdf9b0e43be9f0257ae90d795d6bdd12370c8016e54bba46d25f5a770033a8a93910364fff6cdaf5fffeed837ac278558b9c5495540ba5de30546f18aaaf21e5c2503d8d50b946a8a0d150506d2857adc9e76f0944597f5613072fd441bc38a835bc27bb05f99286c5873fa22f2369f9f4cfa36c9f921eded9fd20a0937656d4bb7d4a37497a8e754b9c709d6e96f2253d55d225d61d0080c77a70874e1e58af775977c409036016f225e5d47c800bdf640680887a60bbd6ad1cd3d1d61d71c100989d5149cfb08e0000ecdb544dfe9671dd62dd11170c80fdc897f47c49e759770000f66ff3840efd8bbfd77aeb8e386000cc205f5246d23f88fbfd0120361edca1bf5d39a623ac3ba28e0130b373253ddd3a0200307b95babced933c17607f1800fb902fe930491fb4ee0000b4eee19d7ada69ebf57aeb8e286300ecdb2725de52060071144a7a78a7c6568d296bdd12550c80bdc897b442d22bad3b000073b7b3a2be89aabe68dd11550c803d4cdff3cf37480120011edca157ac28ea44eb8e2862003cd6bb251d631d010098bf5a436edba4aeb4ee882206c06ef2252d967894240024c9e6711d797a51abad3ba28601f068e74b3ac03a0200d03ea1a46d935cdadd1303605abea42592de6edd010068bfcde33afcf4a2ceb0ee881206c023de296991750400a033380578340680a47c494bd57cea1f0020a1368febb0d38bdce2bd0b03a0e95d92165a4700003a6beb843e65dd1015a91f00f992964b7a9b750700a0f3b64ce8d0d3d6eb2ceb8e2848fd0050f3b77f1ef90b0029b16d529fb46e8882540f807c49074a5a63dd0100e89e2d133ae4b4f53adbbac35aaa07809a4ffdebb78e000074d7b6495d6add602db503205fd24192f2d61d0080eedb32a1834f5bafd75977584aed00907481a43eeb0800808dad93bac4bac1522a0740bea483250d5b770000ec6c9dd041a7add71bad3baca4720048ba5052af750400c0d6d6495d6cdd6025750360fabeffb75a770000ec6d9dd081a7add76bad3b2ca46e00487a8df8ed1f00306dbca2b5d60d16d23800527bbd0700f0585b2674dcca312db6eee8b6540d807c49cf94f40ceb0e004074d41a72959a3e6cddd16da91a00e2b77f00c05e6c9f4adf9301533300f22565a5f4fd7f300060ffb64f6ae98aa29e6bddd14da919009206252db38e0000444f2869a2aa8f5a7774539a0600c7ff00807dda3aa953568da5e7733115ffa2f9920e95b4c2ba0300105d935505d586ceb5eee896540c0049e748f2ad230000d1b6b3929e57c4a76500bcc13a0000107d5bc775f4ca313dcebaa31b123f00f2253d4fd293ad3b0000d1570fa5a99ad659777443e20780f8f21f00a005db2775a6754337247a00e44bea937496750700203eb64f69e1e945adb4eee8b4440f0049af90b4d03a0200102f1315bddfbaa1d3923e0038fe0700b46ccb844e5e35a6ac754727257600e44b5a2ae954eb0e0040fc54eaf26a0dbddebaa393123b00249da664fffb01003a68b2a6d75a377452923f2013ff050e0040e78c57f467d60d9d94e401c0a37f010073b6734afd2bc774ac7547a7247200e44b7a86948e273901003a239454a925f7dd00891c00e2f81f00d0061335adb26ee81406000000fbb063524725f515c189fb97ca97b450d2f3ad3b0000f1377d3be05f59777442e20680a4bf90145847000092a1524fe643e592380038fe0700b4cdce8a9e63ddd0090c00000066b0634a8b578e25efceb2440d807c494f9674a47507002039c250aad693773b60a20680f8ed1f00d00193550d5a37b41b03000080fdd83ea5275937b45b620640bea41ef1f63f0040074cd59439bda8975877b453620680a45324f55a47000092a9524bd6ed80491a00cfb50e000024d7544dcfb66e68a7240d8093ad030000c9355ed561d60ded94a401709275000020b926ab0a568ee928eb8e7649c400c897f47849075b77000092ad56d7abac1bda251103401cff0300baa052d78bad1bda85010000c02c4dd5f434eb867649ca00e0fa3f00a0e3c62b3ad0baa15d623f00f2257992feccba0300907c95babc15c564bc1d30f60340d27192165a470000d2a1dad02bad1bda21090380e37f0040d7546b7a8175433b246100f005400040d74cd6f464eb867660000000d082f18a16af1a53c6ba63be623d00f225e5249d60dd0100488f5a43ae1e6a8575c77cc57a00483a5152601d010048976a5d675837cc57dc0700c7ff0080aeabd4e2ff06dab80f00ee00000074dd642dfe2f058afb00e001400080ae1bafa87fd5987aac3be623b603205f922fe918eb0e0040fa3442a91eea14eb8ef988ed0090f4444959eb0800403ad51b7aa175c37cc479003cc53a0000905eb5869e69dd301f711e008978121300209eaa751d6bdd301f711e009c000000cc546a3ac4ba613e18000000ccc1642dde6fa28df300e0120000c04cb52eb7722cbe9701623900f2252d93b4dcba0300906ef5865e6cdd3057b11c00e2b77f004004d41af17d247d5c0700d7ff0100e6aa751d6fdd30570c000000e6a85ad713ac1be62aae03804b0000007353352db16e98abb80e004e000000e6266bcaae1a539f75c75cc46e00e44b0ad47c0f000000a6c2e64b815e64dd3117b11b00928e9694b18e00004092ea0dbdc0ba612ee2380038fe070044465c5f0a14c701c0f13f002032e27a27401c07c0e3ac030000d8a5d6d052eb86b988e30038d43a0000805d6a752db06e980b06000000f350adabc7ba612ee23800b8040000888c6a5ddeaa3165ad3b5a15c701c0090000203242498d307eef0488d500c897b440d242eb0e000076d708f534eb8656c56a0088e37f00400435423dc9baa155711b001cff030022a71eea28eb8656c56d0070020000889c7a43875b37b42a6e038013000040e4d41b3ad8baa155711b009c00000022278e4f038cdb00e00400001039717c1a2003000080798ae3d300e33600b8040000889c6a5ddec07ae5ac3b5ac1000000609e4249bed371d61dad88cd00c897e44b5a64dd0100c0de84d211d60dad88cd0090e2f7050b00407a84a10eb26e68459c0600bffd0300222b0cb5dcbaa115711a00bc04080010590d699975432be2340038010000445618c6eb6140711a009c000000222b0c758075432b18000000b4418301d0315c020000445618c6eb17d5380d8058fd2f1600902e8d305eb7abc769007002000088ac46a87eeb8656c469007002000088ac46a85eeb8656c469007002000088ac46c8cb803a851300004064354265ad1b5ac1000000a00dea0d05d60dad60000000d006f550be75432be234006275b4020048973094b36e68459c0640c63a0000807d6100744eacaead0000d2251403a053380100004456185a17b486010000401b30003a8701000088ac987dfe3300000068975563eab16e982d060000006d128a01d009dc05000088bad8bc10284e038013000040d47102d0010c000040d4c5e68d800c000000da240c3901e80406000020ea3801e80006000020ea18001dc05d00008048e336c0cea8590700003013274d5937cc569c06c04eeb00000066e4b4d93a61b618000000b489931eb66e98ad380d8071eb00000066e2c409402770020000882ce7a48dc3f1f96595010000401bf82e5e6f048ed30088cdaa0200a48fc700e8184e00000091e579aa5b37b482010000401b788e01d0290c0000406431003ae78fd6010000ec4be069ab75432be23400eeb60e0000605f32beeeb56e68459c06c03dd6010000ec4bc6d35dd60dad88d300e00400001059bea75f5a37b4224e03e05e4915eb080000f6c6f7f443eb8656c466001487d490f4dfd61d0000ec8deff403eb8656c466004ce332000020727219d5370e6b9b75472b18000000cc53d68fdfb36ae23600eeb10e0000604f41460f5a37b42a6e03e00eeb000000f694f5f51fd60dad8adb00f87fd6010000ec29f075ad7543ab6235008a437a48d26fac3b0000d8c53929e3e94bd61dad8ad50098c62900002032fab3da79ddb0b65877b48a010000c03cf406f13c9966000000300f595f375b37cc451c07c01d927658470000204981afaf5837cc45ec064071487549b75977000090cba87e7d5eb75a77cc45ec06c0342e030000ccf565759f75c35cc575007cc33a000080de40d75937cc552c07407148b789370302000c794eca65f411eb8eb98ae50098f655eb0000407a2decd103d70deb77d61d7315e70150b20e0000a4577f56575937cc476c07407148b74bf15d5e0080f88afbf1bf14e301308dcb000080ae5bd4a3fbaf1bd6efad3be623ee0380cb000080aeeb8bf9f1bf14f301501cd20f25dd63dd0100488fe9e3ff8f5a77cc57ac07c0b42bac030000e97140affe3beec7ff5232064051d284750400201d16e6f477d60ded10fb01501cd243922eb7ee000024dfa21e6dbe718dbe60ddd10eb11f00d32e95d4b08e000024dba21e7dc2baa15d1231008a43ba4bd2d7ad3b0000c9d597d564d68fff97ff7649c40098f671eb000040722deed517370e27e7b439310360fa96c09bad3b0000c993cda8de93d179d61ded949801308d53000040db2dedd3f51b87b5c3baa39d1235008a43faa6a45bac3b0000c991cba8de1be88dd61ded96a80130ed6d92ead61100806458deaff5d70deb01eb8e764bdc00280ee9e792c6ac3b0000f1b7a8475bbe756eb2aefdef92b80130ed7d921eb48e0000c49773d292bee41dfdef92c801501cd216491759770000e26b79bffefd867cfcdffab72f891c00d32e97749b750400207e025f8d05390d5a7774526207407148a1a435e211c10080161db8405724e18d7f3349ec0090a4e2907e24e953d61d0080f858d4a34d3d19bdd9baa3d3123d00a65d28e976eb080040f4657d3596f6ebd4243df2775f123f008a43aa4a3a4bd216eb160040743949072fd23baf1fd61dd62ddd90f8012049c521dd23e90dc6190080083b68a1cae535faa47547b7a4620048527148574bc9798f3300a07d0ee8d543fd59adb0eee8a6d40c8069178a5b030100bbc965545fdaa7e7a7e1baffee52350076fb3ec066eb1600803de7a483176acd75c3bad3baa5db52350024a938a4df493a53d284750b00c0d6e316e99f6e5ca37fb4eeb090ba012049c521dd2ce915922ad62d00001b8f5ba4d2b7cf4dfefdfefb92ca012049c5216d9474b678753000a4ce218bb4f13b6fd759d61d96523b0024a938a4af4b7a93a4d0ba0500d01d072dd4f76f7ebb5e62dd612dd50340928a43fa5735df19000048b8e50bf4b3ef9ea71758774441ea078024158734a6e62d820080845ad6af3b17e5f42ceb8ea860004c2b0ee963922e10970300207196f5ebd707f4e8f8b4ddeb3f1317867cdeed2e5fd22b257d5e528f750bd06e3ffd83f4f04eeb0aa0bb0e59a48d5cf37f2c4e00f6501cd2d724bd48d203d62d0080b9f39c74d8627d820fffbd6300ec457148b74a7aaea45f5bb700005a17f86a1cbe586ff9d6db74be754b543100f6a138a4bb253d4fd2b7ad5b0000b3d71ba872e8011ab8718d3e6bdd12650c80191487b445d20a49975bb70000f66f618fb61cb2484fbd21cf2f6ffbc3970067295fd2d9928a92165bb70073c597009154ce49072d50b93fab976e1ce631efb3c1006841bea4c3255d21e9c5c629c09c300090447d594d2defd71b6f5ca32f5bb7c40997005a501cd21f249d26e93c4993c63900907a072ed08f0f5ea843f8f06f1d270073942fe938495f9078aa14e283130024452ea3da410bf5eef21a7dd2ba25ae380198a3e2907eade6ad821f16a70100d0154ed2b27efde7a107e8483efce787138036c897f4783587c06bc5a84284710280383ba0570f2deed5dfde90d7d7ac5b928001d046f9929e21e963924eb76e01f686018038eacf6a7c69bfde5f5ea34bac5b928401d001f9924e5373089c68dd02ec8e018038e9c9a8b6ac5f9fcd65b48697f8b41f03a043f2253949af91f43e49c71ae7009218008887acafc6d27e7da32fd0eb360e6b9b754f5231003a6c7a08ac90b446d22af11d0118620020ca16e6b47d518f3e97cbe8c28dc31ab7ee493a064017e54b7aa2a4bca4374a5a629c83146200206a3c272de9d39dfd597d807bf9bb8b0160205f529f9a9707d6483ac1380729c2004054f464545bdca71b7a039d77ddb07e63dd93460c0063d3770e9c31fdc39706d1510c0058ea09545d98d3cf7a025d1e78faccc661d5ac9bd28c011021f9928e94b45acd31708a24df340889c30040b7f56735be20a75b7b02156fc8ebff5af7e0110c8088ca97b44cd25f4a7aa99a4f1c3cc2b60849c00040a705be1a7d593ddc17e8bbb98c3e7e7d5eb75a3761ef180031912fe96049274b3a69b79f65a651881d0600dac9f714f665b5b527a3df6433fa7ee0e9caebf3bac5ba0bb3c30088b1e9bb0a4e52f3bb034fd8ede771e27643ec0503007311f86ae4329a087c6dce78fa53e0eb6781af6b7ca76f721d3fbe180009942f2950f392c1eea3e008490b25f549ea9dfee79e3fbd927a0c92d1250c80f4f29ce439859ea786e7d4f09cea9e53cd73aa3aa7aae754f19c267d4f7fca78badb77fab5e7e9a79ed3edd70d6b93753fdaefff03cd269e5cf108d5630000000049454e44ae426082);
INSERT INTO `alumno` (`idalumno`, `dni`, `nombres`, `f_naci`, `correo`, `distrito`, `telef`, `descrip`, `photo`) VALUES
(4, '41552255', 'Javier Zamudio Caycho', '1999-12-12', 'javier@gmail.com', 'Surco', '998004958', 'ASDASDASD', 0xffd8ffe000104a46494600010101009000900000ffe100224578696600004d4d002a00000008000101120003000000010001000000000000ffdb0043000201010201010202020202020202030503030303030604040305070607070706070708090b0908080a0807070a0d0a0a0b0c0c0c0c07090e0f0d0c0e0b0c0c0cffdb004301020202030303060303060c0807080c0c0c0c0c0c0c0c0c0c0c0c0c0c0c0c0c0c0c0c0c0c0c0c0c0c0c0c0c0c0c0c0c0c0c0c0c0c0c0c0c0c0c0c0c0c0c0c0c0cffc0001108012000f003012200021101031101ffc4001f0000010501010101010100000000000000000102030405060708090a0bffc400b5100002010303020403050504040000017d01020300041105122131410613516107227114328191a1082342b1c11552d1f02433627282090a161718191a25262728292a3435363738393a434445464748494a535455565758595a636465666768696a737475767778797a838485868788898a92939495969798999aa2a3a4a5a6a7a8a9aab2b3b4b5b6b7b8b9bac2c3c4c5c6c7c8c9cad2d3d4d5d6d7d8d9dae1e2e3e4e5e6e7e8e9eaf1f2f3f4f5f6f7f8f9faffc4001f0100030101010101010101010000000000000102030405060708090a0bffc400b51100020102040403040705040400010277000102031104052131061241510761711322328108144291a1b1c109233352f0156272d10a162434e125f11718191a262728292a35363738393a434445464748494a535455565758595a636465666768696a737475767778797a82838485868788898a92939495969798999aa2a3a4a5a6a7a8a9aab2b3b4b5b6b7b8b9bac2c3c4c5c6c7c8c9cad2d3d4d5d6d7d8d9dae2e3e4e5e6e7e8e9eaf2f3f4f5f6f7f8f9faffda000c03010002110311003f00fdfca28a2800a28a2800a28a2800a28a2800a28a28eb7000d9a280b8a6b3f1f2e3ad01a8ae32b489f2ad477d791585ab4b348b1c4832ccc7815e6fe3afdaa3c07f0ef46babcbdf1169ccd6aa4b4293832376c014c1c92dcf4c59030a766be47d5ffe0b09f09f4ab6924926be2b18dd85039c579ac9ff000716fc118f5afb0bdbebcad9dbbca2edfe74f9599fb68773f40b3485b8af943c03ff000582f83bf1025b7483576b7fb4b003ce755db938e6bdff00c2ff001b7c27e32644d2fc41a6df349f7562983134acca8ce2f6675e8368a197268571b739cf1d682ea075a94b52ba0ea40d9a5a4cd30141a28031450014514500145145001451450014514500145145001451450014336d19a29aafb9987a5003a8a2a2babb8ad21669a48e241d59db0050048181af2cfda37f6b1f04fecbbe1b9f54f156ad0d9c50a9729e60df8c67a57ca5ff000532ff0082c1e9bfb2378825f0be8332dc6b6b1893ce8f32460b027191915f863fb667ed21e34fdb63e2b5d788bc5dab4b31621228e294aa0418c647e15b428f36af6387118c50f763b9fa69fb5cff00c1c65a378ced354d07c1571e659de068565745570391c1c66be02d5bc5ede3bd7e4d7ae7c4dabb3cac646805eb94e4e718ce2be7397e1e5bba1ddbb81c106b8eb9f18cbe03d73cbb799fcaddb482d9e2b4d1688f2e75a737791f54f8b3c7f642d777f695c6d51820ca6bceef35bf0ff88da484de48ac3f8b7ed35e17e3ef88f35e5b2c96b236e23e7e6bcc753f1edd34c59a5605793838cd1cc8d69d367d4577a169fa5dc798bafead120e479772e31f91af52fd9c3f6e8f107ecb1e28b7d4bc33ae6a3a94d6ee18477972d229c7b313e95f0be8ff001a6f2cc2c6d23143eb5d041e216d7c89924dac9cf5a96ec5f2491fd087ec71ff00071fe99e39f12697a3f8f268acdae76c2cd146a06ec1ee07b57e917c26fdacbc09f1aa263a2eb966e53f85a7018fe15fc6be95e259ec2511b48cbce4107906bd57e097c45d47c3be238351b7d5b528ae2d4ef4c5c36dc8e46466a6c99d50af38e8cfec8edaea3b9895a3915d4f42a720d3986e1c57c2bff0441fdb3a1f8f7fb1b69dff000956b9a78f10585c4a9279b70aac63042a753e95f6f699e24d3f5703ec97d6775dbf7532bff2359bd19dd09732ba2e91f30a5a40d9a43300fb79a9287514514005145140051451400514514005145140051451400546d88db8fbcd5253254dc33e9400cbebf86c2c64b89a458e18d773b1e8a2bf223fe0aa3ff05a6f107817c697be0ff04b59fd8ed95a2bbb8909dd9c1fba47b1afa6ff00e0adff00f051bd23f658f85ba9f87acef15bc41ab20b58d1482577ede7dbad7f3f3f1e7c6173e3ad566beba9646b9bb3be525b3835d1469abdd9e7e2abfd98b327e317ed25ae7c4bf104da85ccb2df5c5cbb6e7b83b88e4f4f6ae3ed2f350bb6595d917711c565ea3af1b21b42aedcf1c557b6f196c6c36071c56f2692d0f3bd9b7a9d76b3e20bad2ad76a846dc2bc57c736f737ba9b4dea73c76aeb3c43f12643b555776df6ae567f13cd725bf76a59ba656b9a52bb3aa34ca89a34b7da6ed2d86f7ae635af059048f3075aeaddb5068cb3ac6b1b723b5656a27cdda4372a7d696acd1791c5ddf86268bee9f7ab5e1dd6a6d12e02b6ec67bd6dcb7b1db37cdb78eb59faa5c5b5e8620a8fa50f4295d9bf6fac2ddc8adbbef0ed5bda6f8c6e342b7fddf46eb5e7304f25b8578f9dbef5b5a66bc674f2e4fe2a4f414a2d6e7befc02fda1bc5be0369aeb41d7b50b343f7a08e6da9f957df9ff04f6ff82d078b3e0078ef4b8fc4d7726a7a3df5dc70ca59cb32177da7f019afcb8f026a4ba25bc8acdf2cbd2bb2f0af8805e2f911b7224de0e7906aa313172945de27f601f08ff69ff07fc68b7b73a26b1673dc4c8acb1090172480718fc6bd219b09db77f5afe647fe0931fb637fc280fdb23c1f378935abe5d0e6bd0b3799396503000e09f5afe97b46d6ed7c4ba3daea16732cd6b77125c44ea7ef2b0dc3f43594b43d0c3d4e78dcd1424af3d6969b11fdd8a70a573a028a28a0028a28a0028a28a0028a28a0028a28a0047fba7e9599af6ab1689a05edd4d2a431dbc2eeceec15570a4f5ad273f21af957fe0b1df184fc18ff00827b7c46d4ad6f16d3546d38fd97e6dac4938e3f5aa8abb22a4b962d9fcfeffc143ff6969be25fed69e22d4af2f1aee3b7bbb8823c3ee501642a31f957cefe37f8db631419fe322bcebc7fe3e91e7bab8334b3cf79234cef21c9dcc771fe75e5de23f11cd236e67639aead363c48c5ce5747a46a7f1363d564c2b7de634ed2e4fb7caadbbafbd78ed9eaf2473e64638ea715d15af8fee2d2158e05cae3a9eb59ca4ad7677d3c3b48f72b3b6d2ed2d775c32b3633f7ab9bbfb8b796f8fd9f6eec9c1af3fb1fed4d6d84ad33857e700d765e16f0b5c21566dcdeb9ae3962211378e15be85cb9f03dc6b9019246fba3b1ae3758f0fb5a4cdf37b75af50bcb9bad2f48708b9dded5e7ba9b5d6a170dba3dbcf18151f5c8f4348e1651e87177f0ed9597e6ce2b2646fb2cbbb3cf7aedee7c2124e0b6c6fcab98d77c3135adc1f95b07da9fd6a2fa94b0ed6e86d96ba193cb6ea462b6345f2a638fe2eb5c93c12599f995830ef8a961d5ee2d53746dd6ba29d4e65639e745f43d023bdfb327cadc77e6b77e15f8924b5bd99c9f9371ebdabcdac75693c96672391d09aded0f5f4d274a92407e6626b4e539650e8cf42d7fe204777a85b3348ead6b323028d83f7857f55bff000449f8bb17c65fd87341d461926916de38adc99092d945c77fa57f1ea9ae7dbb58858bb7cf202c33ef5fd4a7fc1b43f1bf43d6ff00646b5f07d9b3b5f5b8370db8f6f9b359cb736c2c79647e9cc2db929573de9235d89423126a4eff0041d45343734ea041451450014514500145145001481c352d2040b4008aa41f6afc69ff0083a5ff006988f45f0df877c156974d9d491e1ba456e38de79fd2bf662bf993ff008390bc4579abfedb7e26b3926dd0d85e110ae7ee706aa37be87362dbe4d0fcbbf1adf7997322ff000a1c571fa8389b8ebdaba2f1242cd72cadce4fa566c5a42ff10f715a27d59cd42263c7639b8cf386aebbc2fe10374236da5b774cd53b1d216eefe35db9e6be96f803f03dbc5b6d6ede5315dc074f7af1f198ae4573dac2e1dd46918ff0e3e06cda85846de59c119e95eade1efd9f26fb329f2bb67a57bdf817e13dbf8734b86dfc9c346b8e457636fe1d0576a22fddf4af8bc5671294ac8fb6c0e530e4bb3e57d77e06797063cbe6b979be0101704f97c75afb075af042ddfdf51815857df0d63132ee4ebdc0aca39acd2b1d71c9e9b7a9f31c3fb3f79f16d58c66b1fc51fb2ddc4f6ecf1c3f36091c57d95a37c35b77db98fa735a97de14b4b446dd1af35a53cda7cc655b26a76b23f2efe20fc18bbd26297cdb7daa848c815e5d7fe1f934f94fcbdfbd7e9dfc59f83f6fafe8f75e5c2b86c9e95f16fc71f84dff0008cbc8de5b2e0f1c57d2e033253d0f93cc32d74755b1e1377233ca17a53a7d509b6f2031e2a4d5ecbc9bbf4c566cb1fce76e7d6be92954bab1e34a9a44d62e61b847c9cc673d6bf663fe0d6ffda6b5cd0ff696b3f0dc6d19b2bcb692360e47421fa57e30db0d927e35f79ffc106bc637be13ff008281f821a0976472dd2a38cf5055eb496c613d248fec0c75a318aada55eff6869f1cdff3d066a78dcb1ac4e81c0f34518c1a2800a28a2800a28a2800a28a2800a03668a02e28021d46e0da69f3ccbf7a28d9c67d866bf94bff0082e178eefbc65fb797c41b8bc3191f6f3e56c3c0e3bd7f559e231ff121bef4fb349ffa09afe4abfe0af7724feda5f10a301995afd80622ae271e32f648f8df58b4fb5dc743bb35567d264445dab5d14365bcfdded8aebfe1cfc2eb8f17de0548cb8158e22b284352b0b45ca564725f0fbc0b36a9ab47b636666f415fa6ff00b16fecf4a3c09693490fef6419e9f5af13fd9b3f65095f568de684609e491d2bf4b3e00f81f42f047856d52f2e6de1f253905c0f5af92c45575e565b1f5983a31a31bcb73cda6f81335ac3e6491ed503838ae6353f0dae993320f5c57bdfc5cf8e3e1db7b26b3d3eeadde4c6d2722bc3f55f1458cb2b3493c7c9cfde15e0e2b06e2f447d560711192b239cd5ad7c89170b9e2a9cb16e8f71519fa55ed57c536334d88e45661c1e6a8cf7f1cc9d7eed79352323dea7cb6d4759b885d540e5bae3deafeabe17fb4d96727711c62b9eb7f115b0bfdad22ab29ee6ba88bc490dd5b8db221e3d6b6a3879b5739ead6845d99c6ea5a11b7b768dc295e95f34fed77f0d23b9d0dae11318f41f5afaaf5a02e436d619ebd6bc9fe3ce88359f0d490b2fe55e8e06a4e8d4573c5cc69c6ad3763f31bc6fe1ff00b0eab20f7c573b7f008931b7a8af6ff8d9f0c65d2b5776f2db6924ff003af24d62c40919315f7783c473c5347e7f8aa6e12e53020b46138dc7a9ea2bed3ff822aa94fdbe7c0a77285fb6a0f7fbaf5f1b4c9e449b0e7d2be9ff00f82576b975e13fdb57c037564ad2b9d4e352319c0daf5ec2d6279b51bb9fd9a7849c27876d7fddad415cb7c2ad4a4d63e1d697712a959258b2c3d39aea474ac4eae81451450014514500145145001451450014138a282334015f548d67d2ee15c651e260c077041cd7f2cbff0005b7d1ecac3f6c9f1cc36703c31477a7865c31afea848c8c57f385ff00071efc2b6f03fed6da86a9244a22f11dd33c3e58e980dd7f2aa89cf88578a3f2feeacbecc621fc4e4018afb93f618f80f1de78745fcd0ee2eb9e457c55a3d81d4fe20e93a78f99a7b95415fb01fb31fc2b87c19f08ed5a55c6f8f9c57cbe7d88716a27d064b86e75768f1bf89be39baf8533bdbe971ed931c9d8715f3d7c4af8bde35f11ddc920bb9a3c8ec4a8afab3f6836d2f4ebf92e264dd81dc57c73f167f69dd2b44d5ae2d2ded15bcb046715e5616b39a491eae228fb33cfbc49e37f1be9d70d3fdba4eb9396353f853e3b78aaf6e4437576c4631d4d711e28fda9e0bd7923fb27a8e954bc17f11975cd611445b771cf4aefad45a85e47361f1094d247d59f093c6f7b73396b898b7e35ea175e2b9bec2de5b73b6bc27e0e5d7da3568adfbcdd2bdeb5af04dc68fa0b4ccadb550374eb5f2588b7b4b1f6f859b74f53c17e2d78ef57b3d46692198a95e7ad7952fed73e30d1e49a05b8dde59c2f06bb1f8b5e236fb7dcee51b149045792e9de21d1e3d59d6eb8dedc935f4382a6f90f98cc6aa8d5d59ea9f0f3f6d5f145edd2ade48ccbd38435e8365fb4749af4e22bc56dadfec9af36f87d078567746f3371ea76e2bd7bc25f0a7c3fe3b4ff0043959644183c8eb53888a86acdb0b539d68ccbf127816c7e23594970a8accc3a57c97f1efe18b783fc4337969b4647f4afd00f01fecfd7de1c9db6c9e6db4878cd7cff00fb7ffc39ff0084618cfb36868c13fa574e598bb54e53cfcdf0bee7323e357b55f372477f4afb5bfe088be10bcf11fedc7e0c5b56b7545bb56659319236bf4cd7c6d35b79a91374c9e715fa2fff0006e87c0abef8b1fb74787b54b56916d749cdcc817d155f35f6319a713e2e4bde3fa9bf0a591d3bc3f6d0b6331ae0e2b469b1c6208f6af4a556cd0750b451450014514500145145001451450014138a2823340013815f8b7ff074d7c37b1b5b8f03eb11f37d78646c7a9f9ebf68dc650fd2bf28bfe0e47f047fc253e20f8593bc6ef6f69e7193038fbb275a9a92b46e1cbcda1f82bf087406d4ff00687f0ec7b727edaa48fc0d7ed078534df2be1edadb2aff00062bf287f655d27fe122fdaf6c9551bcb82f9f1c7a161fd2bf622cec153438d42fdd18afcff3ec4394cfb2c8e938c2ccf9cbe3bfc1193c63148b96008e4838af8d3e23fec63a3da6a37525dc971e73139e4fa57e9debda025d44fb96bc3be317c34b7d41a53e5fde5c578d85c54a1aa3e86a6063556a7e61f8b3f667d274eba93cb6908cf3c9aa7e1af8596ba46ad0b43bcec3cd7d75e2df80aa6795fcb38c93587a3fc078df50857cb3b19f9cd7a55b36bd3b1853c962a77658fd8d7e0bdc7c45f8916fb63616b6e3e663ebc1afb0be31fc368ec3456b3555f96151d2ae7ec71f096dfc3837471050884938ebc5751f19cff68dcc9b3fe598c0af0bda4a4f9d9ee469457ba8fcbafda1fc00da56b77b1e0862f9ea7dabe76f18fc19bed6eea392cd9b703cfcc457e83fc74f8529e2dbfb862bf3e306bc42e3e02dd69d73fba52406afa2c0e67ece278998646eacb98f01f04fc0bf166871ac96cad2363201726be84fd95ed75cd0b5e65d4e3652c79c741d2bbcf865e07ba33471c8ab8c7a57b1f833e1cc36cef2346bbbd715cb8ecd3da682c264bec5dcedfc0f2a4ba722b05231dc735f36ff00c150fc2aade05372abfc2bc8fc2be9af0be986da5da775787ffc14dacb77c22908ebb476f6159e535b9eaa39f39c3f2d167e5de9ebf6bbb5b7fe3ce062bf69bfe0d41f0edc7847f684bcfb72428b3e993842d8dc490c462bf297f65cf8451fc56f1cc76b32ee2b27d2befcff00826178bbc41f093fe0a1be0cd0ade6f2ecdef161755eebb5abefe18af7944f90a79449d078867f4e8cb934ea8ed26f3e056f5a92bd33cad828a28a0028a28a0028a28a0028a28a0028a28a0047fba7e95f127fc170fc0b677dfb28eade2a92269afbc3768cf6c00cf2c48feb5f6db7dd3f4af9d3fe0a6fe117f18feca1e25b558fcc8dad80604678cd6388fe1b35a3f1a3f9fbfd893e02cd6ff1bad358b98bcb6b8733e31d3764ff005afd26312c36c88a3b5781f85bc2517863e2ee9b6f6f1aac2b0a03818e76d7bf5eceb0a11d36f15f9ae6552f2d4fbfcbe364ac636b1b64b723f3af34f1c5ac2aeccff30c74aed3c4faf8b58994f15e47f123c691da8914b7de4af1fda4523e9f0f4fb9e7de3df1759e9b3347b17a9ed595f0f2ee3f1778960860872a5b24e3a75af3ff00889aeb5fea6c119892d802bd23e03dd43f0bb40b8d5353f936c65b247407ff00d74e32e63d19515ca7d5de08bfb1f0078464553fe9120c5725a8dfa6b1773348c3e6e4578a7853f6acd2fe2b6a77767a7dc3192d5c290dc0e99ae8b53f88d068760f717932a4718c939eb5529abf29c6a9db5472bf1882e8dac3c9b331f1d07d2b9ab53677d12bec56f307a5747e20f1be8df143c3b335bcc1980207af02bcaf44f107f646a1f63909015b68a9e668ea8c6fa33d1bc33e0f47bc568801bbf4af4ef0c7863ca4dac07d6b89f01ea0b36c2b8e95ea5a149e75bee6e3e95cce5add994ec82d744025c2af3f4af04ff8287f855eff00e15cd18f99b66471ec2be96d16359a424ff175f6af20fdb7ec94782d9b6ee52028fd2bd6cae4a0f98f9ecd21ed1729f9e3fb1a5adc781be2dd9dcceaab1cb3f231d2bf4e3fe095ff00b28c9f17bfe0a35a6f8876b2d9e8f6c7500d8f949556e3f5af8a3e18fecf7ad6ade24b7be8edc476f3c8183636e057eedffc1193f6766f027c385f13de41e5decd11b60c472579afb5cbef56773c0cd24a8613d9c7a9f77a80071d2969b11fdd8a7138afa5d8f8a0a28a2800a28a2800a28a2800a28a2800a6abeea7522a6da006b0c035ce7c51f0fdbf8a3e1eeab63751f9904d03075c75e09ae95864532e625bab674619591483f8d4c95d5823a3b9f86fe27f2f4af8e7e5afc9e5ea5244aa7ae03102bd4bc55a808c373f357b67ed97ff0004cc8349f13b78e3c3f712f956f71f6a9a273ea7271f8935f3df8a8c8b9df915f9de7d839c1b67de64b8a84d5afa9c3f8f757f251b1fc3ce6bc17e25f89195a56ddd474af5df89175b61f9738af9bbe28788186a7246bf77debe4d45b763eca95451473fa25b8d6fc516ec41663264d7b478c7c18be2df06c9a79e164840e3f0af23f85935bdc78aa2334d1a242fce4d7b3eabf13348d161dbe60970bced35df4a8cec675b171e87cf5a4fc253f0afc4524f6be62c8dd4fad5cf19dd5e78c6c16da5918af41835d978bfc7fa6f88673e4c6eac3ae4560586a16c974bbb1b49ea68a9467736a3888b452f84fe0293c2c3966d8cc4e09abff13f4bfb25afdae05c489f331c57616575a7cc235f3163dc3b9aa1f102d2d869527fa442cbb78c375a52a53683eb515ab2bfc06f1f2ea2442edfbc507f1eb5ef3e1fd7bcf8c479fcabe30f016b72786fc7a822626376231eb9cd7d49f0f7559274591bab738af37109c5d8d154525cc8f5ef0ebeef997bd799fed693fda5eced5b6b2bf97c7d48af43f0a5cf9acbf96057997ed1105f6bff001574dd36c749d4b50f3162c3411ee55248eb5eee5b46534923c0cc2b4212bc8f44f80bf0a1be2f789bc2be07b289564d52458cb818d9839e4f6afdb3f877e0b83e1e782b4cd26da358d6cad6289c28eaca8013fa57c77ff04cafd8527f86a57c69e225ff004d9d567b28f1cc2703afeb5f72a7ddcfaf35fa3e5987f654f5dcfcfb34c67b7aba6c822398c50cfb69d48ca1ebd23cb141c8a281c51400514514005145140051451400514514008cdb4523e0c74e65dd401b450073fe36f0f47e31f08df69f22ee171114191df23fc2bf2fff00691f053781fc6f7f62576ac6f81c57eaf3011a96f6af88bfe0a7ff000a5749b2b3f11dadbbb46c364fb1724b12706bc5ceb0bed68bb1ebe5188f6759267e777c495c897e95f377c51d3d44d34ad9e14ff2afa57e27da2c0cbdd64f4ed5e0ff001334cf38b2a8cf6afcca34a50a9ef1fa3d1a8a71d0f937c5de30f136837f75369f1b342add7be2bd83f66eb883c6da17db3c4325e46caa4b004f5aeab46f04da5cc3247242ac1fef645747a7ccfe09b3f2ec638d548c636d7ad0c5452b3261816e57377c2ff083c39e2ad3ae2e2cae641e59e923104f154356f82da6e9fa634925c3798a4e007ae6b58f11bdf5d6e66649075d8702a958eb0d2cea9e648467a1357ede9b3d2865d1b5d98df107c3f75a769b2c9a7bc8cc884a658f502bc6ad759f889ae1669adffd0e23c9ee466bea1b2b06d50aac98da6adeafa15bd9e9724691a8665c702a7eb8a2b951cf5b02afa9e3bf0ef429b50bfb39641878dc16fcabea5f87b63fe889b3f84735e23e09f0ff00d8b5c195f9771feb5f407c35b75d985af0aa7ef2aab1b5e34e163bcf07dae24e01ddfc3ef5fa2dff0004fafd99b4db1f07c3e24d574eb6b8bab862d1f9f107f979c75af89bf668f87bff000b1fe28e93a684621a5c3f1c6315faebe0cf0fc7e0ff00085869b1aed5b38562c01e95fa270f605461cecfcef8871bcf579226b59db456d02a451a468bc0555c01f85491e10edefd688b84a757d49f2e07a5355484a751400d56cd3a902e0d2d257ea0145145300a28a2800a28a2800a28a2800a28a2801b28dd19ae57e287c39b0f8a7e0dbdd275089648e5425091d1b071fad759d6919030a99479959ec38bb3b9f89dfb557c22baf84df16b56f0ecccb21b51e7a1f40c4e3f4af9cfc55e1a77b891db939e95f727fc154ec63d17f6abd52e01ff008f8b48430f4e0d7c9b7a90eaaedb5970c715f9de718350a8dc4fb9c9f192705cc7953698fa6c2d285f7159ba8ea1e6c2db96bd575af04a9d3feef6ae45bc0eb282adf781cd7cd549c933ecf0f5632479bdd59c93ce0c63dcd49a3e93335d83b7f4aefe4f032d8b7986ace81a04324bd17e5acfdb4d6c77fb4ec55d2ec0c16ead8ed55ee5e49dca91c0aec1f4e8a15da3e86a9c9a046d92b9ddd4d385494dd99c75aa595ce72cb45fb3caaebd7a8af4ff00868c554798c171ce6b8793cbb19c6f6c638adad03c4015b6c4c79200c57a985c27bea523c1c662db8b48fd09ff00824bf85acbc6df13bc457520cc9a3dbc72a7d4b01fd6bf4732248f38afce8ff8220863e3bf1db33139b087bffb4b5fa2ebc28f4c57e9997c5468c523f37c749baaee393eed2d221caf14b5dc728514514005145140051451400514514005145140051451400514336d1481c13f4a00472463ebcd0adf31fd2893ee1aa3a8eab6fa2da7da2f2e23b785464b3b600a2e07e5cffc15a2d7cefda7353e7ef59c23f4afcedf1ff8a2ff00c11e2179ade46102b648afd00ff829ef8c6c7c5ffb4aea5716132cf6eb6d12798a72ac4039c57c27f15f435d4a59885fbdc735f079c6262ebb47d965345fb14d9d27813e3759f8d7488e191bf7db7073c73526af73f650eca47e75e09a7e9171e18d4ccf6d232f94d9c13c1adb9fe30de431ed9954a81cd783522a5b1f4387a8e9ee765aaf89266971bbb541e1ed5a4f318e48ee2b847f8b965249ba6f94fb1a69f8cb6369f32f7ed5cef0adea7a3fda11b591ec16baab5c15f31b9ef4baff008e2df44b765565dc074cd78e5cfc766d9fe8f1f24704d61dd789b52f11dcb48cdb518f4cd746170ca0f9a471e2710e6ac8eeafbc7afa85cb61be5248aeabe1f6a325ddda3678045793e916b24b8ceecf7af56f85f06e654c30ef935d93c4c632d0e1fabcac7e977fc1157c456fa2fc44f17412e43de59c2a9ee772d7e951184c7e15f8bdfb187ed0f6bfb3a78edb58bd5924b375559563fbc40c57e8efc04ff828f7c38fda0dda3b3d43fb26e165f28457cc119db3d877cd7dd657898d4a29267c3e6987942b33e8475263a7018151daceb7102ba32b2b0c820f5a7eff009b6d7a879a2d14514005145140051451400514514008ae1891e9d6968271466800a467da47bd2e722ab4930823c934013c8708735e7ff1dfe3ee83fb3e7c35d5bc4daede476b6ba6c4652a586f93b7ca0f5ad7d6bc42cf2322b7eec0afcf0ff82cc7c2e1f193e2dfc197bc9ae4689a74d21bc8a290aac83f798dc3bf6a8c44bd9c1c9974a3cf2b23d33e0e7fc162746f8897174d70268edf2fe4930eddc3276f6f4af3ff00da83f6f7d7be2a69d3697a7b2c7a6139691708ff0098e6bc6f5ebc82cadbecf6d0c31c36ea2340ab83b4703f415c0f88f5c120c73c7a57c862b3b959a47d3617274ad2914fc5bab9bcb1db24cf336e2c6473b989fad78ff8da2f3247f4aedb5bd433236c3c570fe249b7dc37e55f1f8ac5394f999f4b87c3b4b951e79ab59fface3e6ae2fc470298dcf35e83e216588c82b8dd5615977285e3ad674710e4744b0ecf27f11441a724338da7b1351c3a435d303b9f1f535d86b3e1557766db54f4dd20c6fcff000d76aada5895877d0b7a1688a608c75db5d0d945e5a14c2fa547a65baa44bb7f1ad4b6b7588ff2a8f68ce8a747b9b1e1ad394baeefe55e8de16856d4a98c7cb5c1e9470ab5de78525132281f787a8af3b11377b9d52a692b1dd69975f658772fcc1bd6bcbfe3e7876fadf5ad07c4da1ea5a85a6a56faa5aa986099a38d944a99c80715df2dc3489b57d38ab1a578717c65e2bd234991777fa543391ec1c1fe95f43926327cea07cbe7185872f3753f5dfe057ed477f3fc2ef0ec9a92a8924b54dfc73d057b5f81be2d69be378b6473626ebc9c57c81a798f4fb5b2b387eec31aaa8f4e056fc57b269da824d6eecb2201d0e2bf48a72bc753e1e54d27a1f675bb82bc3061db9a909c0af96f44f8f1aee808bfbe0d1f191d78af51f00fc745f11d9eeb9cf998c1c0c568627a916005286c8acdd3b538751b78d832fcc33d6b422e5280e8381cd14d276d2a1c8a005a0b6da64c7e4eb59f73a94306632c4b638c50068c8cabf78e2aa497a91a96ceeedc56716babefbdc47eb537d896dad9b93d285b80d93c46b113c13eb59fab6b4cf1ed0700d4336ddedb7d6a8decde6286f435d118a3377667ebfa830b4658faf435f317edefe19b8f10fc1abed6add43dd78562df082396c9ff00ebd7d19ab49bd9cf703f3af3ef1c6890f8dbc2fab69137ddd4226561ea71c5736329f35368d70b2e59dcfce3d4fc46350d322981fbd12eff0066c0cfeb5c7ea93ee66f43562f34fd43c11e29d5bc3da9a797770dc4d2c63b18839c7e98acfb907cc3bbf0afca33083a555a67e8f81a8aa534737e21bc55ba6fbc3d2b8cf13dc6d9777fb35d7f89216766931d3dabcefc697cd17d6bc7aceeae8f669c6cb430756b8f3e63fa7bd63c88ae59587526ad3dced90367f0359f7d71be42d9da07a573c6a35b1db0a49ad4a3afe9e3ecfb97dab352c33701ba6056dc974258b6ff003ace9d7e7e3d2bb29d66672a561f01f2b0aa2af80084e7a566dbcfb0edab9692ef9b6f6ad653d0395a773aad1544922ff7715dc680ab02294fc2b83d0250645eb5dc786199a65cfd05707336c248e9b4edccc878f7af68fd8fbe158f889f10ff00b5a43b52c731fb12b935e3b25bfd8f4790a1dd230f97d4d7d91fb15fc3893c19f0b6da695596eb516338cff7589afb0e19c0b94bda48f90cfb1492e43dabc29a78b9d41ddb27cbe99f6c56b37cd70cdfddcd47676dfd996d95e188e69b63be67ddd8e7bd7e8d18a8ec7c74bb9681529bb1b8d69783b5f6d3755fb3f412f03154597cb8c7ad6626a4d63e28b763d335a27739e5b9edba4f892e6c6445591b83c73dabbbd13c7934b1a79814fae2bcc34fc5ddbc722f461bb8adcf0c5ec8ba8c69fc2cd8e6b4e54ccfa9eb361ad437bb79da7af357d25593eeb035c6c517f7495fa54d1eaf369a3fbc2a254fb07317aeef67d64ed832b1f7cd3ad34e8ec62ee64ea73576774b73bb85078e2aa4f7f1dc23796c3763f5ac6377b15cb604732c859bb76a9aea7fb3d9993f3accb6bec48cadf797ad33c41a90b3d22561bbeef7ad634ddeec1bb230355d7a49351db19fbc7918ab33ee6b15dbf8e6b2fc39731decd24f272ca7815a577ac2883e65ebc0c57558c6fa1817774dba48dfdfa5725acc6206f97396f4ae8b50955ee98ff7ab1f599a38e271b4b32f4aca70ba338c9a773e31ff0082827c086b5ba8fc656319f303ac73951d53806be7fb6d156f74e8ee514ed71d2bf47bc6fe1fb7f891e0ebad12e111a1bb42819872a7fc8af8bbc7df086ebe1478a25d2ee13fd15b26ddf1c103d6be1b8830375ed123ecb24c659f233c5bc49e1d5583953f9578ef8fb43686e24e0e319afa6b57d12392165653cfb5701e2bf8650ea6edef5f092846d667dd5167cada80905c3aaab75a823b59370ff6862bdabc4bf0516c5e478f9ddcf4ae4ae3c00d6b2fdd6ce71cd714a514ceea72bb3cfef639106d5fbd8ac592e2482e07d79e2bd56ebc02d2c580a791d6b94d47c0735bdc36e5f94f7c5694dddd8da56673f0dcb4f1ff0016ecfa56be99a5302b21ce0f22ace9fe1178587cbf2e7233debb4f0ef84f7db8665e31552a893b132d3732fc3b6cdf68030d8af40f0b5a82df2fcbc16c9a8f49f0cdbdba83d3d49f4aebbe137c3bbff8cbe318fc3da2c7856e679d87caa075e7e95e8657839579ae53c9cc3170a34dc9b3aefd95be12ddfc6bf891e646a4693a2e2590b0f964cf04027af5afbe7c39a3456de5410aed86d53cb418e805719f043e0de9df023c05068ba6a96652649e66fbeecd82467d335e85a5c4d1c1bbfbdf9d7ea397e0fd8d348fcd3198a75aa39126a12eeb6917fbdd2a5d261f26df8f4cd55bd569ae2383b48793e95b2d682de055f4c0af46ece4e628dd8f38ff00b55cff008a54dabc72afde43904574375b564ee2b3f51b4fb5d8956c77c66aa26323bbf853af36a5e1e8f71cf635d269da9b5beaf0fd6bcefe0dea8ba75d35abf3f31c57a1cd22417cabfc44f15d04bd4ef61d4591158b76cd5cb3d4015dc3d7a62b074fb951046df415ab6b2a2a631d6af424dbd6efd52c76eefc45615a5d7d8df7e58ab5334bd47ed56f839c2f38351dd30656651c039e94429a8e866e4d976de613ea19e70e7d6a5f1a0ce87267238ff0acb6bd57bbb5dbeb4ff89bac2da787d93f898003f4a52dc3a18de1c40626db9fcea6d4dd52558f27d6b1fc1d7ec96fbb9f6e3b569eacdf697555e31cd68a44dac8ccbb75fb5f5e838f7acfb8b7578a466fe21deb5354b6da8adf4e959fa82e23c80dc54f2932d19c6cfe66957586e2366ce7d2b99f8f9f0923f8c1e138fec6abfda566b98b1c6e1c939aebfc431f9b031da7d0715cfe91e296d135511313b5ba13d057062b0b1ab1e567661712e125247c4fe35b1bad07c4175a5ea11fd9efad47cc08c2b0ed8ae52ee552edfecf15f747c7efd9d74df8f1a6a5d5d2a2eab6e3743246428ce31cfe75f0dfc50f08ea5f0b3c5d3695a92348a87e49147cb8edc8e3bd7e6b9b6453a73e6a7b1fa16579c46a2519ee61ea456ea2dbb415ae5f58f0fadc8caa0e0fa574c2e16494aaf3e86a1bc442acbc62be52b61e49ea7d4539292ba390fec3d9f2ec5dbdce2b0fc4ba2c36ad86fbc7dabb9b98762fcbd1ab9ff15f87bed8fb97f8ab1bca26d18d99c15c431ab11f2f15a7a3de797fbb18fc6b513e1f79bb599726b474cf868de21f18e91a1d8c6ef79aa49e5a951909f5f4aeec1e0e78891862f150a31729143c3da55e78d7c4d6ba2d8c6f2de5e4813e51c007bd7df5fb2cfecd965f003c2f248543ea7a810f316f98a1e9c1a9ff0067cfd8ff0049fd9ff485d41a157d6248b0ced86ea39fe75e8b2dc492fe55fa6e4b94c70d0bbdcfcd336cce588969b1663b64fb4aa2fcc3a935796502e36ae3082b2b432c219246fa0356649beca32d9f9866be80f176278ae566d5f1d95ab626ba48a65193d3bd50f0f5bafd99a66fbcdcd4b713c25881bb39c1ab8f6337b8ebc87ed6772ff0f715977772269593b8ad8b6956d2d5bfdaaa338532f4c16ad35412d0ade09956d3c5d1ee623711fcebd37c5d3be957f04983b5c8208e6bca702d35b85d06183af3f88af5cd6b55fb4e8509603795193551bee113a9d1656bcd351b18c806b46d6f1a3217d3d6b3b42d51ae7428fa7000e98ab11deb1606b68dfa132121bcfb16a0d1f3d2ae34c021ebf30cd65ea65975852d8c7ad68956fb21917e6e315473a21d20fdb6ea3dbd10f7ed543e2bff00a4345192df2b0e01a7781b52f3f50d4564eb6e6b3fc57a87f696bde50e98cd43dcd3a17344d3561d3971dc66a692dbcfb95dbb82e3935269b17916abbb35785baac5f2743d6ac8922ade69ea2056c86e05646b70feef701f779c0adbba657b7d8bd8d64ea1feaa4dbe9de816872faa40b7366c71cd703ade92b2caddb07823ad7a04b149e5c807a9ae47c410c96ecc76f53e958c8d29c7a9876fe26bab05fb24ac7cbfe16079aa3e35f811e1ff008e1a0bdbea9fbb91ba4b17faccf6e6ad6a50c7274fcfd6aae9b7777a43b0b63b9f3900d71d4a51969247551a9283ba3e69f8c5fb04f893e1cd84d7fa34d6f73a6dbe5f6be4cacbfe35e0e52660e26866b59518a159463241c57e95278d249615875454fde7cbb7008af33f8ddfb24695f15e392eb4f5115f81e64689f2293c7a57cd66591c26b9a28fa5cbb3da90928cd9f1188895da47d6a8df23175c0cfe15d978a3c0979e0ff154fa3ea0aa9736e48014f6151fc3af85dac7c60f17cda3e851c734d6a034a1ce300f02be31e4f3757911f5dfda90f67ed4e6d678ec2dd1a45df348c238d17a962703f5afb1bf635fd902c7c07a6d9f8dbc441a4d62ed44f0438f9623c76ae63e15ff00c13df52d27c490ea1e3045863b3955d1637241da7238fcabea4b81f6a8a31b563b7854040bc00057d964f94c68eb247c766b9a4abcb953d0c7f125c35dbb6ee133b801fcab02e374b7091c6a7e6fe55a9ad5dfda246907dd5fe954f4ab8fb45d799d978e95f52a27cfb9133c1fd9d1a22f3bb9a6dda34e5635eac0558ba9d623b9b351e8e8d7fa97983ee8e29f298b35ade35d3b4f55fe2c77aa2bfe9176abfde3563549375d003b1a344b5f32e377a1e2a89b3ea589e2f9163eeb505c5b61b9c657a7bd4f3b349a87d2a6b885a79176f5ef43d4adce7b546f2eed58afcdc1e2bd1de55b8f045bcb9f99532735c1f8862f226e7af15d569d7a9a8781248f3cc31f342959932d0ebbc07acade69aaa7385fd6ad6a3ab3413ffb3ed5ccfc36d4b369e59fff005d6a6a37ab6d3967fbb5d117d593ab3fffd9);

-- --------------------------------------------------------

--
-- Table structure for table `boleta_1`
--

CREATE TABLE `boleta_1` (
  `idboleta1` int(11) NOT NULL,
  `numboleta1` varchar(20) NOT NULL,
  `pago1` decimal(20,2) NOT NULL,
  `fechapago1` date DEFAULT NULL
) ENGINE=InnoDB DEFAULT CHARSET=utf8mb4;

--
-- Dumping data for table `boleta_1`
--

INSERT INTO `boleta_1` (`idboleta1`, `numboleta1`, `pago1`, `fechapago1`) VALUES
(1, '342332', '300.00', '2023-12-12'),
(5, '665881', '300.00', '2023-12-22'),
(6, '444233', '400.00', '2023-12-11'),
(8, '4433553', '300.00', '2022-12-12');

-- --------------------------------------------------------

--
-- Table structure for table `boleta_2`
--

CREATE TABLE `boleta_2` (
  `idboleta2` int(11) NOT NULL,
  `numboleta2` varchar(20) NOT NULL,
  `pago2` decimal(20,2) NOT NULL,
  `fechapago2` date DEFAULT NULL
) ENGINE=InnoDB DEFAULT CHARSET=utf8mb4;

--
-- Dumping data for table `boleta_2`
--

INSERT INTO `boleta_2` (`idboleta2`, `numboleta2`, `pago2`, `fechapago2`) VALUES
(26, '553333', '500.00', '2023-11-08'),
(28, '22554452', '50.00', '2024-01-18');

-- --------------------------------------------------------

--
-- Table structure for table `boleta_3`
--

CREATE TABLE `boleta_3` (
  `idboleta3` int(11) NOT NULL,
  `numboleta3` varchar(20) NOT NULL,
  `pago3` decimal(20,2) NOT NULL,
  `fechapago3` date DEFAULT NULL
) ENGINE=InnoDB DEFAULT CHARSET=utf8mb4;

--
-- Dumping data for table `boleta_3`
--

INSERT INTO `boleta_3` (`idboleta3`, `numboleta3`, `pago3`, `fechapago3`) VALUES
(5, '5533333', '200.00', '2024-01-15');

-- --------------------------------------------------------

--
-- Table structure for table `clase`
--

CREATE TABLE `clase` (
  `idclase` int(11) NOT NULL,
  `pagototal` decimal(20,2) DEFAULT NULL,
  `admin_idadmin` int(11) NOT NULL,
  `nivel_idnivel` int(11) NOT NULL,
  `alumno_idalumno` int(11) NOT NULL,
  `boleta_1_idboleta` int(11) NOT NULL,
  `boleta_2_idboleta` int(11) DEFAULT NULL,
  `boleta_3_idboleta` int(11) DEFAULT NULL,
  `turno_idturno` int(11) NOT NULL,
  `fechaRegistro` date NOT NULL,
  `uniforme` tinyint(1) NOT NULL,
  `estado` tinyint(1) NOT NULL,
  `nota` varchar(1000) DEFAULT NULL,
  `tipopago` varchar(100) DEFAULT NULL
) ENGINE=InnoDB DEFAULT CHARSET=utf8mb4;

--
-- Dumping data for table `clase`
--

INSERT INTO `clase` (`idclase`, `pagototal`, `admin_idadmin`, `nivel_idnivel`, `alumno_idalumno`, `boleta_1_idboleta`, `boleta_2_idboleta`, `boleta_3_idboleta`, `turno_idturno`, `fechaRegistro`, `uniforme`, `estado`, `nota`, `tipopago`) VALUES
(3, '1000.00', 1, 3, 1, 1, 26, 5, 4, '2024-01-12', 0, 1, 'DEBE 5', NULL),
(5, '350.00', 1, 1, 1, 5, 28, NULL, 1, '2023-12-22', 1, 1, 'Debe 100', NULL),
(6, '400.00', 1, 1, 4, 6, NULL, NULL, 3, '2023-12-11', 1, 1, 'Debe 100', NULL),
(8, '300.00', 1, 3, 4, 8, NULL, NULL, 3, '2022-12-12', 1, 1, 'N/A', 'Mastercard');

-- --------------------------------------------------------

--
-- Table structure for table `nivel`
--

CREATE TABLE `nivel` (
  `idnivel` int(11) NOT NULL,
  `nomnivel` varchar(100) NOT NULL,
  `descripnivel` varchar(1000) NOT NULL
) ENGINE=InnoDB DEFAULT CHARSET=utf8mb4;

--
-- Dumping data for table `nivel`
--

INSERT INTO `nivel` (`idnivel`, `nomnivel`, `descripnivel`) VALUES
(1, 'Basico', 'asdasdasdasdasd'),
(2, 'Intermedio', 'asdasdasdasd'),
(3, 'Avanzado', 'asdasdasdasdasd');

-- --------------------------------------------------------

--
-- Table structure for table `profesor`
--

CREATE TABLE `profesor` (
  `idprof` int(11) NOT NULL,
  `nombresp` varchar(50) NOT NULL,
  `apellidosp` varchar(50) DEFAULT NULL
) ENGINE=InnoDB DEFAULT CHARSET=utf8mb4;

--
-- Dumping data for table `profesor`
--

INSERT INTO `profesor` (`idprof`, `nombresp`, `apellidosp`) VALUES
(1, 'Gustavo', 'Soberanes'),
(2, 'Juan Carlos', NULL),
(3, 'Edwin', NULL);

-- --------------------------------------------------------

--
-- Table structure for table `turno`
--

CREATE TABLE `turno` (
  `idturno` int(11) NOT NULL,
  `nombret` varchar(100) NOT NULL,
  `profesor_idprof1` int(11) NOT NULL
) ENGINE=InnoDB DEFAULT CHARSET=utf8mb4;

--
-- Dumping data for table `turno`
--

INSERT INTO `turno` (`idturno`, `nombret`, `profesor_idprof1`) VALUES
(1, 'MJ', 1),
(2, 'MJ', 2),
(3, 'LMV Manaa', 3),
(4, 'LMV Noche', 3);

--
-- Indexes for dumped tables
--

--
-- Indexes for table `admin`
--
ALTER TABLE `admin`
  ADD PRIMARY KEY (`idadmin`);

--
-- Indexes for table `alumno`
--
ALTER TABLE `alumno`
  ADD PRIMARY KEY (`idalumno`);

--
-- Indexes for table `boleta_1`
--
ALTER TABLE `boleta_1`
  ADD PRIMARY KEY (`idboleta1`);

--
-- Indexes for table `boleta_2`
--
ALTER TABLE `boleta_2`
  ADD PRIMARY KEY (`idboleta2`);

--
-- Indexes for table `boleta_3`
--
ALTER TABLE `boleta_3`
  ADD PRIMARY KEY (`idboleta3`);

--
-- Indexes for table `clase`
--
ALTER TABLE `clase`
  ADD PRIMARY KEY (`idclase`),
  ADD KEY `clase_admin_fk` (`admin_idadmin`),
  ADD KEY `clase_alumno_fk` (`alumno_idalumno`),
  ADD KEY `clase_boleta_1_fk` (`boleta_1_idboleta`),
  ADD KEY `clase_boleta_2_fk` (`boleta_2_idboleta`),
  ADD KEY `clase_boleta_3_fk` (`boleta_3_idboleta`),
  ADD KEY `clase_nivel_fk` (`nivel_idnivel`),
  ADD KEY `clase_turno_fk` (`turno_idturno`);

--
-- Indexes for table `nivel`
--
ALTER TABLE `nivel`
  ADD PRIMARY KEY (`idnivel`);

--
-- Indexes for table `profesor`
--
ALTER TABLE `profesor`
  ADD PRIMARY KEY (`idprof`);

--
-- Indexes for table `turno`
--
ALTER TABLE `turno`
  ADD PRIMARY KEY (`idturno`),
  ADD KEY `turno_profesor_fk` (`profesor_idprof1`);

--
-- AUTO_INCREMENT for dumped tables
--

--
-- AUTO_INCREMENT for table `admin`
--
ALTER TABLE `admin`
  MODIFY `idadmin` int(11) NOT NULL AUTO_INCREMENT, AUTO_INCREMENT=3;

--
-- AUTO_INCREMENT for table `alumno`
--
ALTER TABLE `alumno`
  MODIFY `idalumno` int(11) NOT NULL AUTO_INCREMENT, AUTO_INCREMENT=5;

--
-- AUTO_INCREMENT for table `boleta_1`
--
ALTER TABLE `boleta_1`
  MODIFY `idboleta1` int(11) NOT NULL AUTO_INCREMENT, AUTO_INCREMENT=9;

--
-- AUTO_INCREMENT for table `boleta_2`
--
ALTER TABLE `boleta_2`
  MODIFY `idboleta2` int(11) NOT NULL AUTO_INCREMENT, AUTO_INCREMENT=29;

--
-- AUTO_INCREMENT for table `boleta_3`
--
ALTER TABLE `boleta_3`
  MODIFY `idboleta3` int(11) NOT NULL AUTO_INCREMENT, AUTO_INCREMENT=6;

--
-- AUTO_INCREMENT for table `clase`
--
ALTER TABLE `clase`
  MODIFY `idclase` int(11) NOT NULL AUTO_INCREMENT, AUTO_INCREMENT=9;

--
-- AUTO_INCREMENT for table `nivel`
--
ALTER TABLE `nivel`
  MODIFY `idnivel` int(11) NOT NULL AUTO_INCREMENT, AUTO_INCREMENT=4;

--
-- AUTO_INCREMENT for table `profesor`
--
ALTER TABLE `profesor`
  MODIFY `idprof` int(11) NOT NULL AUTO_INCREMENT, AUTO_INCREMENT=4;

--
-- AUTO_INCREMENT for table `turno`
--
ALTER TABLE `turno`
  MODIFY `idturno` int(11) NOT NULL AUTO_INCREMENT, AUTO_INCREMENT=5;

--
-- Constraints for dumped tables
--

--
-- Constraints for table `clase`
--
ALTER TABLE `clase`
  ADD CONSTRAINT `clase_admin_fk` FOREIGN KEY (`admin_idadmin`) REFERENCES `admin` (`idadmin`),
  ADD CONSTRAINT `clase_alumno_fk` FOREIGN KEY (`alumno_idalumno`) REFERENCES `alumno` (`idalumno`),
  ADD CONSTRAINT `clase_boleta_1_fk` FOREIGN KEY (`boleta_1_idboleta`) REFERENCES `boleta_1` (`idboleta1`),
  ADD CONSTRAINT `clase_boleta_2_fk` FOREIGN KEY (`boleta_2_idboleta`) REFERENCES `boleta_2` (`idboleta2`),
  ADD CONSTRAINT `clase_boleta_3_fk` FOREIGN KEY (`boleta_3_idboleta`) REFERENCES `boleta_3` (`idboleta3`),
  ADD CONSTRAINT `clase_nivel_fk` FOREIGN KEY (`nivel_idnivel`) REFERENCES `nivel` (`idnivel`),
  ADD CONSTRAINT `clase_turno_fk` FOREIGN KEY (`turno_idturno`) REFERENCES `turno` (`idturno`);

--
-- Constraints for table `turno`
--
ALTER TABLE `turno`
  ADD CONSTRAINT `turno_profesor_fk` FOREIGN KEY (`profesor_idprof1`) REFERENCES `profesor` (`idprof`);
COMMIT;

/*!40101 SET CHARACTER_SET_CLIENT=@OLD_CHARACTER_SET_CLIENT */;
/*!40101 SET CHARACTER_SET_RESULTS=@OLD_CHARACTER_SET_RESULTS */;
/*!40101 SET COLLATION_CONNECTION=@OLD_COLLATION_CONNECTION */;
