-- phpMyAdmin SQL Dump
-- version 5.2.1
-- https://www.phpmyadmin.net/
--
-- Servidor: 127.0.0.1
-- Tiempo de generación: 29-02-2024 a las 22:41:29
-- Versión del servidor: 10.4.32-MariaDB
-- Versión de PHP: 8.2.12

SET SQL_MODE = "NO_AUTO_VALUE_ON_ZERO";
START TRANSACTION;
SET time_zone = "+00:00";


/*!40101 SET @OLD_CHARACTER_SET_CLIENT=@@CHARACTER_SET_CLIENT */;
/*!40101 SET @OLD_CHARACTER_SET_RESULTS=@@CHARACTER_SET_RESULTS */;
/*!40101 SET @OLD_COLLATION_CONNECTION=@@COLLATION_CONNECTION */;
/*!40101 SET NAMES utf8mb4 */;

--
-- Base de datos: `kacademy_db`
--

-- --------------------------------------------------------

--
-- Estructura de tabla para la tabla `admin`
--

CREATE TABLE `admin` (
  `idadmin` int(11) NOT NULL,
  `nombresa` varchar(50) NOT NULL,
  `apellidosa` varchar(50) NOT NULL,
  `prioridad` int(11) NOT NULL,
  `username` varchar(50) NOT NULL,
  `pass` varchar(50) NOT NULL
) ENGINE=InnoDB DEFAULT CHARSET=utf8mb4 COLLATE=utf8mb4_general_ci;

--
-- Volcado de datos para la tabla `admin`
--

INSERT INTO `admin` (`idadmin`, `nombresa`, `apellidosa`, `prioridad`, `username`, `pass`) VALUES
(1, 'Gustavo', 'Soberanes', 1, 'gustavo.soberanes', '123StayFresh'),
(2, 'Dani', 'Cuyate', 2, 'Danicuyate', 'DaniCuya123');

-- --------------------------------------------------------

--
-- Estructura de tabla para la tabla `alumno`
--

CREATE TABLE `alumno` (
  `idalumno` int(11) NOT NULL,
  `dni` decimal(8,0) NOT NULL,
  `nombres` varchar(100) NOT NULL,
  `f_naci` date NOT NULL,
  `correo` varchar(500) NOT NULL,
  `distrito` varchar(100) DEFAULT NULL,
  `telef` varchar(12) NOT NULL,
  `descrip` varchar(1000) DEFAULT NULL,
  `photo` blob NOT NULL
) ENGINE=InnoDB DEFAULT CHARSET=utf8mb4 COLLATE=utf8mb4_general_ci;

--
-- Volcado de datos para la tabla `alumno`
--

INSERT INTO `alumno` (`idalumno`, `dni`, `nombres`, `f_naci`, `correo`, `distrito`, `telef`, `descrip`, `photo`) VALUES
(1, 60449007, 'David Boris, Hurtado Diaz', '2000-12-13', 'david@gmail.com', 'Surco', '983720200', 'Por FB', 0x89504e470d0a1a0a0000000d4948445200000200000002000806000000f478d4fa0000000473424954080808087c086488000000097048597300000dd700000dd70142289b780000001974455874536f667477617265007777772e696e6b73636170652e6f72679bee3c1a0000200049444154789ceddd799864757deff1cfef9c3a55bdcc0cb3b1c8a220a0228a6804bd2a1263c3cc68ec01358da2e272a3315d23222a301df7a57a502e6a98ea444d02c635a55e605086a550c1e5026e51511394805141b6d9a797dacefda37ac230ccf4747557d5f72cefd7f3f4c3fd2bf326374c7dfa77ea9ce3c23014809828179ca443251d2be91849cb242d98fee9dfdf3fa7b66deaa9d72a72ce8592ab3be76a72ae2aa92ae7a69cdca49c2624372e69a7736ebb9cbb4772b73be76e0e06477fdfed7f65009de1180040c4343fe40f53f303fed83dfe79b4a4beb9fe8f9edab649f5ead49cd39cf31acef3773acf7b40cefdce79de2f25f743e7dc77180740bc3000004bcd0ffbe3249d2ae985929ea6e6877c6f27feb8f90e8099fccf38f0bdbb9de7dfe49cf72fc1e0e81d1df9c300cc1b0300e8a672c193f474353ff04f95748aa403bbf5c7777200ec8df3fd8ae765fecb79fe779ce77d2e181cbdb56b7f3880193100804e2a177c49cfd423bfe19f226989554eb707c09e9ce7d73c3ff3dfcef3bee73cef8bc1e0ba1bcc628094630000ed562e64240d487aada497495a641bf408eb01b027e779752f93fda9f3fc4bb3abd77dd9ba0748130600d02ee5c2c96a7ee89f25e920e39abd8ada00d89df3fd29cfcf7ed7f3fd0f0783a3b758f70049c70000e6a35c3856d26b249dade637f5232dca0360775e26d8eef9996b9de7bf2f181cbdd3ba0748220600d0aa72e12049af52f383ff64e39a96c46500eccecb641ff0fc4cc979de0783c1d187ac7b80a4600000b3552e3c43d24592fe4a926f5c3327711c00bb38e7422fc8ddeef999bfe6f64260fe1800c0fe940bcf973422e925d629f315e701f03f9c931f64eff0fce06f82c1d11f58e70071c50000f6a55c582569ad9ab7ee25422206c06efc20779797c99c1b0caebbd6ba05881b0600b0bbe6837a5ea9e607ff89c6356d97b401b08b1764ffe8f9c145d9d5ebbe60dd02c405030090a472212be91c49172806dfe69faba40e805dbc4cf09097c97e28bb7add65d62d40d431008072e195922e957484754aa7257d00ece26582cd7e907d5d30b8ee9bd62d40543100905ee5c23192d64b5a619dd22d691900bbf8d99e5b3d3ff3326e1f041e8b0180f429177ad4bcc67fa1a49c714d57a56d0048cdf70ff8d9dc25d9d517afb56e01a284018074697eb3ff32355fb99b3a691c00bb7899ec037e90fd2b1e330c343100900ee5c211923e29e9e5d62996d23c00244d3f4320f72dcfcf9c190c8e6eb3ce012c3100906ce54220e91d92de27a9dfb8c65cea07c034e7f9553fdbf3deecea75175bb70056180048aee6a37bbf28e978eb94a860003c9a1f647fe765b2a70483a3bfb76e01bacdb30e003aa25c788ba45bc5873f6650af569e509b9ab8ab72f545afb56e01ba8d1300244bb9b040d26724bdda3a258a3801d807e794c9f694b2677cec2ceb14a05b1800488e72e104495f95f424eb94a86200cccc0bb27ff033d9e771490069c025002443b9f0d76a1ef9f3e18f396b542b8773490069c10900e2ad5ce897f48f92f80b7b16380198252e092005180088af72e1696a1ef93fc53a252e1800ade19200928c4b0088a772e1f5926e171ffee8a0ffb924b0e1224e0290380c00c44fb9f01e495748ea352e410a848d7a509b1cff72e5ea8bde61dd02b4139700101fe58293f429496fb34e892b2e01cc8373cae47a2fc9aebef8ddd629403b70028078683ed2f74be2c31f56c250b5c9f17755aebae04bd629403b3000107dcd87fb7c43d2abac5380dad4c4aba7ae7cf7b7ac3b80f9e21200a2ad5c582ee95a492759a724019700dac7cfe67ee1f9c1b382c1d19a750b30179c0020baca85c74bfa9ef8f04704d52b534f6fd42a775537ac5d60dd02cc050300d1542e1c2fe907929e6c9d02ec4bbd5a797cbd3af5bbea86b5075bb700ad6200207aca85e749faaea4c3ac5380fd69d4aa4beb95c9bbaa1bd6f24c0ac40a0300d1522efc2f49374a5a629d02cc56a35eebaf5526ffbdba61edd1d62dc06c3100101dcd63ff6f4aeab34e015a15d66bb97a75eaa7d50d6b975bb700b3c100403434bff077bdf8cd1f31d6a85517d6ab955f5637acedb16e01f68701007bcd5bfd6e10d7fc91008d5ae5a046ad7a877507b03f0c00d86abecef79be2dbfe48907a75eae8a92bdf7dab750730130600ec341feffb7f259d6c9d02b45bbd32f99cca55175c6ddd01ec0b0300369a2ff6f99ca4d3ad53804ea94d4d0c56aebaf01fac3b80bd6100c0caa724bdda3a02e8b4dad4f85b2b575ff81eeb0e604f0c00745fb9f077e2ad7e4891dad4c4872b575ff426eb0e6077bc0c08dd552ebc4ed2bf5a67a4152f03b2e39c17667afa5e180c8e7ecfba05901800e8a6e6837e6e170ffa31c300b0e5f9999d7eb6e79060707487750bc025007447f376bfaf8a0f7fa458a35eeb6fd4abdfb7ee00240600ba674cd271d61180b57a65ea84cad5175e62dd013000d079e5c29b249d639d0144457d6ae2fcea86b52fb6ee40baf11d007456b9f03435affbf75aa780ef004489e76726fc6ccfa1c1e0e816eb16a4132700e89c7261819ad7fdf9f007f6d0a8d77a1b35be0f003b0c0074d23f4a7a8a75041055f5ead4532b575db8deba03e9c4004067940b6f96f41aeb0c20ea6a9589e1ea868b5e62dd81f4e13b0068bf72e10449b749e29de811c37700a2c9f999c94cb6e7b060707493750bd2831300b457b99091f405f1e10fcc5a58aff534eab51bad3b902e0c00b4dbdb253ddd3a02889b7a65f259d50d17bdd2ba03e9c12500b44fb97098a4ff90b4c03a057bc7258068f332c1363fc82d0906471bd62d483e4e00d04e9f101ffec09c356ad54561a3f169eb0ea4032700688f72e17449d75b6760669c00449f735e23d3d3f7c46070f477d62d48364e00307fe5424e12f732036d10860daf51af7ed3ba03c9c700403b5c28e958eb082029ea95a9e32b575ff45aeb0e241b9700303fe5c21325fd52dcf6170b5c02880fcfcfecf4b33d8b83c1d19a750b92891300ccd765e2c31f68bb46bdd61f36ea57587720b9180098bb72e14c493cc214e8907a65eaecea86b54fb2ee403231003037e54220e952eb0c20c9c2b0e11af5ead7ad3b904c0c00ccd56b241d691d01245dbd5a795a75c3da13ac3b903c0c00b4ae5cf0245d649d01a44218aa51af7dd63a03c9c300c05cbc5cd293ad2380b4a857a74eaa6e587b94750792850180b918b10e0052250c5da35efb67eb0c240b0300ad2917564a7aa6750690368d6ae5cfab1bd61e64dd81e46000a055fcf60f1808c3860b1b75be0b80b6610060f6ca8517483ac53a0348ab7a75eaa5d50d6b175977201918006805bffd0386c246c30f1bf5a27507928177016076ca85674afa897506e6877701c49ff3fc6a26d7bb20181cad58b720de3801c06cadb50e0020858d7a10361a3c8513f3c600c0fe950b87a879ef3f800868d4abe7583720fe1800988db324f9d611009a1ab5eac2ea86b52fb4ee40bc3100301b675b070078b446bdfe5eeb06c41b0300332b178e9174b2750680476bd42bdc928b796100607ff8ed1f88a0b05ecf55aebee8d5d61d882f0600f68701004454d8a89f6fdd80f8620060dfca853f136ffd0322ab51ab3cb3ba616dc6ba03f1c400c04cf8ed1f88b0b0d1f0c3303ccfba03f1c400c0de950b9ea457596700985958afbdc5ba01f1c400c0befcb9a443ad2300ccac51ab1c53ddb076b17507e28701807de1f81f8881300c5d1836de63dd81f86100e0b1ca052769b5750680d909ebf5575837207e1800d89be3252db78e00303b8d7af508eb06c40f03007bc333c68118091b0dbfba61eda9d61d88170600f686bf488098091b0dde1088963000b0379c0000311336ea0c77b4840180472b179e24e910eb0c00ad69d46b4fb06e40bc3000b0277e8b0062286cd433d50d6b9f63dd81f86000604f1cff033115361aafb76e407c3000b0274e0080980a1bf5175937203e18007844b9709424ee270662aa51af3dd1ba01f1c100c0ee38fe07622c6cd4b3d50d6b4fb0ee403c3000b03b0600107361d878837503e2810180dd3ddd3a00c0fc848dc69f5937201e1800d8dd31d60100e6290c1f6f9d80786000a0a95c58266989750680f9091bf503ad1b100f0c00ecc26fff4002848d469f7503e28101805d8eb50e00307f61d870d50d6b8fb2ee40f43100b00b03004888300cb9a307fbc500c02e5c020092220c9f6d9d80e8630060174e00808408c3c653ad1b107d0c00ecc20900901461c8ab81b15f0c00700b20903061d8e05640ec17030012bffd03891236ea0bac1b107d0c00485cff0712256c34bcea86b5075b7720da180090a465d60100da8e618f19310020491c170289132eb72e40b431002049fdd60100da2b0cc500c08c1800903801009268a97500a28d01008901002450c800c08c180090b80400244fa8c5d60988360600244e0080040a0fb02e40b431002071020024d142eb00441b030012270040e28461c800c08c1800903801009288ffae31230600244e0080e409c33eeb04441b030012bf290009c400c0cc180090a4ac750080f60aa58c7503a28d0100491ab70e00d05e4e6ed2ba01d1c6008024edb00e00d0664e13d609883606002469a77500807673fc778d193100207102002411030033620040e22f0a20719c73dbac1b106d0c00489c000049c400c08c18009038010092c7b9add60988360600244e008024da6c1d8068630040e204004820c700c08c18009038010092e861eb00441b030012270040e238a707ad1b106d0c00489c000009e418009811030092f47beb00006df74beb00441b030092f45beb0000ede33cbf1a0c8ef23220cc88010049ba4b52c33a02407b38cfe71900d82f0600a4819129497fb0ce00d01ece73f75a3720fa1800d8e537d60100dac339ef2eeb06441f0300bb300080a470eee7d609883e060076e18b80404238e76eb56e40f43100b00b27004062b8ef591720fa1800d885130020019ce7d782c1511eee85fd620060176e050412c079de36eb06c40303004ddc0a08248273de9fac1b100f0c00ec8eef010031e73cefbfac1b100f0c00ecee76eb0000f3e4bc1bac13100f0c00ecee16eb0000f3e09c9c739fb3ce403c3000b0bbef4baa5b4700981bcfcf6c0d0647f9122066850180470c8c6c97f453eb0c0073e33cff17d60d880f0600f674b3750080b9719e7f8d7503e28301803d3100809872cefd8b7503e28301803d7d4f3c1008881dcf0f760483a30f5977203e180078b48191cd92b88e08c48cf3fd3bac1b102f0c00ec0d97018098719e77ad7503e2850180bde1790040cc38e771fd1f2d6100606f1800408c787e663c181cfda37507e2850180c71a1879507c0f00880de767b8fe8f963100b02f5fb10e00303bcef33f65dd80f86100605fbe6c1d0060ff9cef4f6557affb927507e2870180bd1b18b95bd2ffb3ce003033cfcf7ed7ba01f1c400c04cbe681d0060669eef7fd8ba01f1c400c04c4a926ad61100f6cecb04db83c151eedac19c3000b06fcdbb01cad61900f6cef3333cfc0773c600c0fe7019008828e7f9efb36e407c3100b03f57491ab78e00f0685e26fb4030387aa77507e28b0180990d8cec90b4c13a03c0a3797ea664dd807863006036b8c7188812e742e7791fb4ce40bc3100301bd749e23de34044f899ec7f0583a3fc378979610060ff0646aa92fede3a03409397c95c64dd80f8630060b62e93b4dd3a02483b2f93bd3f185cf735eb0ec41f0300b33330b245d23f58670069e76582f75a372019180068c5a59226ad2380b4f232c196ecea759fb5ee40323000307b0323f74bfa17eb0c20adbc4c769d750392830180567d4cbc1f00e83acfcfecccae5e77b1750792830180d60c8cfc4e3c1700e83a2fc8aeb76e40b230003017eb2485d611405a383f33e59c3762dd81646100a0750323bf9674a5750690167e267b453038dab0ee40b23000305705eb00200d9ce7d79ce79d67dd81e46100606e06467e2c5e1204749c1fe4fe35181ce5f65bb41d0300f3f1764913d6114052797eb0dd79de9bad3b904c0c00ccddc0c83d923e6a9d01249597cdbe996bffe8140600e6ebe392fed33a02481a3fdbf3b3ece0ba7fb3ee40723100303f0323154979eb0c20499ce7353c3ff332eb0e241b0300f337307293a4af58670049e1073d9f0e06477f6fdd81646300a05dce17af0b06e6cdcb045bb2675c3c6cdd81e46300a03d0646ee93f43eeb0c20eefc207b8e7503d281018076ba4cd2cfac2380b8f2b33db70783ebaeb1ee403a3000d03e03237549c3e23d0140cb9ce7d53d3f3368dd81f46000a0bd06467e20e933d61940dcf8d99e8f0783a3f75b77203d1800e8847748bac33a02880b3f9bfb4576f5c56bad3b902e0c00b4dfc0c884a4bf92b4d33a05883acfcf8c7b7ef03ceb0ea40f03009d3130f21f92de6a9d014499732ef4b33dab82c1d11dd62d481f06003a6760e40b92fec93a03882a3fd77b7130387a8b7507d28901804e3b57d2cfad2380a8f1b33d3fe1ba3f2c3100d059cdef030c49e2881398e6f9c10ecfcf9c62dd81746300a0f30646fe53d25bac33802870ce0bfd6ceeb4607074dcba05e9c60040770c8c7c593c1f00909febf95030387aab7507c0004037bd5d3c2a1829e6677b6ecbaebef803d61d80c40040370d8c4c4a7a85a407ac53806ef332c1439e9ff973eb0e60170600ba6b60e42e49abc4ab8391229e9fd9e907b9e383c1d149eb1660170600ba6f60e42792564b9ab24e013acdf97ec5cff63c2b181ce5e40b91c200808d81916f4b7a8da486750ad029cef3ea996cef8b82c1d13bad5b803d3100606760e4eb6abe3e18481ce7bc3093eb7d653038fa03eb16606f1800b03530f26949efb7ce00daca39f9b9dee16070dd55d629c0be3000606f60e443928ad61940bb6472bd1fc9ae5ef78fd61dc04c1800888a7325fd9b7504305f995cdfe5d9d517bfd7ba03d81f0600a26160a421e91c4965eb1460aefc5ceff5d9332e7e937507301b0c0044c7c04845d29992f8d21462c7cff6dc963be3632bad3b80d96200205a064676483a4dd2b5d629c06cf9b9deeb73677efcb9d61d402b1800889e819171351f14f479eb14607f32b9becbf9cd1f71c40040340d8cd424bd5ed2ffb14e01f6ca39657afa3eca357fc4950bc3d0ba019859b97081a48bad3392606adb26d5ab3c8179be9c73a19feb7b5b76f53a6e5f456c710280e81b18f998a4374aaa59a700cef31a999ebe213efc11770c00c4c3c0c815925e2e69c2b80429e63cbf9ac9f5bd28185cf735eb1660be1800888f81916b249d2e698b750ad2c7f333e3995cef89c1e0e82dd62d403b3000102f0323df93f44249f75aa7203dbc4cb0d9cff61c130c8efecaba0568170600e26760e417929e2de93bc62548013fdbf3233fc81d1e0c8ede67dd02b413770120beca055fd207248d88313b2bdc05307bce79a19febf928cff547523100107fe5c2e992be20e940eb94a86300cc8ee707dbfd6ceef46070f456eb16a053f8ad09f137307283a41325f1e52ccc9b9fedf9919fcd1dc2873f928e13002447f392c08724ad95e48c6b228913807de3c81f69c30040f2940b2bd57c8fc072eb94a86100ec1d47fe48232e0120790646ae53f392c0f7ac53107d1cf923ad38014072950b194917487a8fa45ee39a48e004e011cef3ab7e36f781ecea8b0bd62d8005060092af5c3852d2df4b7a99718939068024e7e407b95b3c3fb33a181ce5a992482d0600d2a35c78999a43e048e31233691f005e2678c80f72af0a06476fb26e01ac3100902ee542af9a9704de25296b5cd375691d00cef3ea7eb6e793d9d517bfcbba05880a0600d2a95c78b2a4a2a4175ba774531a07809fedf991e767fe32181cbddfba0588120600d2ad5c7895a44b253dce3aa51bd23400bc4cb0d50fb26f0806d75d65dd024411b70122dd0646be22e929923e266987710ddac0797e3593ebfbb41fe496f2e10fec1b2700c02ee5c21249e74eff2c35aee988249f00787e66d20bb29f75ce7b5730385ab1ee01a28e0100eca95ce897f45649e74b3ad4b8a6ad9238003c3fd8ee05c1279cf33e180c8e36ac7b80b8600000fb522ee424bd41cd87093dd136a63d923400bc4cb0c9cb643f925dbdee13d62d401c310080fd69be64e855922e92f434e39a7949c200f082ec7d9e1faccdae5ef739eb1620ce1800c06c950b4ed2a0a4bca4bf90e4db06b52eae03c039177a99ec6fbc4ce65dc1e0ba6bac7b802460000073512e1c22e92c49af91749271cdacc56b00387941709fe767bee49cf7111edb0bb417030098af72e15849674fff3cc9b866467118005e26d8e2f9996b9ce7bf3f181cbddbba07482a0600d04ee5c2b3d53c15384b117cb850540780e767265d26f896e7f91f0a06476fb3ee01d28001007442b9e0a9f93d8133259d2ae9a9929c6993a235003c3fd8ee7cffe79eef5fc2037b80ee630000dd502e2c97748a9a63e085929e218327719a0d00e7e4f999cdcef37fee3cff1ae7dce782c1d187ba1f026017060060a15c3840d20bd41c04a74a7a96a44ca7ffd86e0d00e75ce8fce021e7fb3f71cebbd239f7c5607094472d0311c20000a2a05c5820e97f497abaa463241d3bfdcfc7ab8d27056d1f00cec979fe94f3bc4dce797f70cefda79c77bd73aec4e378816863000051d67c1ae113f5e85130e77130a701d0fc909f749eb7d939eff7ceb93be5bc9f38e77e20e9873c7e17882706001057e54256d212490ba67ffaf7f7cfcace6dcf0a1bb51ec94d486e8773da21699be4b6c9698be4b648dae49c3649ee41490f4aba8b0f792079180098b37c49cb251d2569991efd61b3b70fa01e353f4cfe20e9f792ee96746b7148b5ee9703f6568dc9ab357476bda1e7d4431d556be8f07a43cb9c54734e139ed384731af79cb63b698773dae69cb63969b3e7f480e7749be7f4f38dc3629c614e1800d8a77c4939353fe08f52f3187af79fa3242d9ce71ff1b0a42b257d4dd24d8c0124ddf487fe5b26aa7acbb6499d30559bdfe3a43d27e5329aca66b435f0755fc6d3dd194fbff43dfdc873fac175c37aa05ded481e0600fe47bea4c74b7afe6e3f27a87bb7aa6d923426e9d2e2903677e9cf04ba62e598964e5475f9e671bd74be1ffaade80d54e9cbea9e5c46df0b7c7de586bc6eecd69f8de86300a454be245fcd0ff817e8910ffcc34da39ab649fa949a438067bf23d6568e69f16455fff2f04eadaed4bbffdc873d05be1afd59dddf13e8c7595f1b329ebebc7158dc9e99520c8014c997d4236995a421492fd5fc8ff03b69aba44faa3904b659c700ad5835a6be89aaae78785c2faf74f137fe56794e5ad4a3fbfbb3ba329bd147ae1bd61fad9bd03d0c80849bbe8ebf42cd0ffd4145fb437f6fee93f48ee290fecd3a04988d81f53aefa11d5a375155cebaa515d363e04ffd597d3d9bd147af1bd67dd64de82c064002e54bca4a3a4dcd0ffdd5920eb02d6a8b1b24e58b43faad7508b0372bc6f4d46d13fac6a6711d65dd325fd363e0deddc6c0fdd64d683f064082e44b3a50d2df4aca4b3ac838a71326258d4abab838a468bcd106a9b76a4c9989aa3effe00e9d556bd8bff0a9dd7c4fe1d23efdac3fabb75f9fd72dd63d681f064002e44b7a8aa477483a47cdfbed93ee4e49c3c521dd641d82743b6dbdcede34aecfec9852bf754ba739498bfbf48785397df0c635fa27eb1ecc1f0320c6f225bd48d2f96a7ea12f71bf79ccc21592de591cd226eb10a4cbca312ddd31a58d0fedd0c969fc1b74614edb17f5ead3395f6b370ef3fc8eb86200c44cbe2427e92c4917487aa6714e14dc2fe96dc5217dd53a04e930b05eef7870872e9eac2ab06eb1d613a8baa45757f5067a13b713c60f032046f2253d5fd227249d64dd124157abf925416e634247ac1cd313b64deafa8777eac9d62d51d313a8babc5f97def4365d64dd82d96300c440bea423255dace6b7fab16f5b255d28e933c521f17fd8689b175fa6d107b6eb82283ccc27ca16f668cb925e0ddfb8465fb66ec1fe3100222c5fd24249236a7ec12f56f7141bbb59d29b8b43fa8d7508e26dc5984ed83aa16f6e1e8fc4533263c1495adaafdf2ccc69e8fabcfeddba07fbc60088a07c499ea4bf96f46125f376be6e9894f4414997f09221ccc58bfe5efffcc076bd3189b7f67583ef49cbfb75535f5643d70df345dd286200444cbea4a3247d5ecd67f363fefe5dd2ff2e0ee927d62188871545bd70d3b8aedc36a9a5d62d49d01ba872e002bde5c635fa9c750b1e8d011021f992dea8e68b70e2f6b8dea8ab4bfa3f923e501cd284750ca269d59832e3557dedc1ed5a5de7afc5b6724e3a6881bed59fd5aa8dc3aa58f7a089011001f992964bfa8ca433ad5b12eeb76a7e37e03bd6218896d38b7af9c33bf5af6978a08fa50539ed58d6af336ec8f310af28600018cb97f41249ff2ce910eb96940825fd93a4771787b4d53a06b6568d69c18e8aae7d70874ee1afc2eef03de9e085fafcb7cfd539d62d69c7003032fd6ade4bd57c763fbaef5e359f1b709575086c9cb65e7ff3e00e7d2a6e6fed4b8ac5bdba7f499f5e78ddb0eeb46e492b068081e997f66c90f45ceb16e86b6a3e49f04fd621e88e95633a78fb94ae7f78879ec1df7eb67a02550f5ea8336ec8eb5aeb9634e2a1165d36fde29edbc4877f54bc52d2aff225bdc93a049df7e2cbf49e7bb7ea0f0ff1e11f099355057fdca26f0cacd779d62d69c40940174dbfbce7eb929658b760afbe2de9dce290eeb00e417bad28eaa46d93faeaa6713dc1ba058fe539e99045faccb7cfd5df58b7a40903a04bf225bd5ed267255e20127175499f96f4bee2901eb68ec1fcac1cd3d2f18abef6d00ebd885bfba2efa085bae5bbe7e954eb8eb460007441bea40f497aaf75075ab259d2fb25fd034f128ca7bfb84c9f786887d64cd594b16ec1ec2dedd3dd8b7b75026f17ec3c0640074dbfbaf7336a3ed617f1f42b35c7db95bc60281e06d6ebdc2d13fad0f6491d60dd82b959d4a34dcbfa75f475c3da62dd92640c800eca97b45e52deba036df16b49eb247d891381687af165fac0d6099dbf7d8a276926c101bd7a70599f9ec84940e730003a245fd22592de69dd81b6bb47d2c7245d5e1cd2a4714beaad1a5366aaae8f6f19d7dfecaca8d7ba07edb5a457f72ee9d3d11b87f96fad1318001d902fe92392feceba031df527499749fa5c71487fb48e499b95633a6ab2aad12d133a73a2aaac750f3a67699fee59dcab63370e73f2d66e0c8036cb97f41e355fe38b746848ba51d2e592aee654a073568d295ba9eb829d15bd65eb848e68f057576a2cebd79d07f4e8b88dc36a58b7240903a08df225bd4bd2c7ad3b60668ba42f4bbaa238a4dbad6392e2f4a2564e54f4fe2d933aa952936fdd031bcb17e817df7f874eb0ee481206409be44b7ab5a42f597720327e25e90a495f280ee93ee396d85939a623a66a2a9463003600001424494441546c9bd4193ba6b4c0ba07d170c8225d7ff3dbb5d2ba232918006d902fe92449374b7c09098f5197749d9a636043718877a1efcbaa3165aa75bd7367456fdd32a12339e2c79e9ca4c316eba337bd4defb16e490206c03ce54b3a54d20f251d6add82c8dba4e629d115c521fdd83a262a4e2feab489aadebf7542cf9de2881ffbe17b0a0f5fac97df90e74d9ef3c5009887e957fade22e924eb16c4ceaf245d2369a3a4efa7e9d902abc694a93574ce544dafdb59d1b339e247ab7a32aa3dee001dcfab84e78701300ff992be24e9d5d61d88bd6d6ade49b051d2c6e290ee35ee69bb15459d58a96bcd4455a76d9fd211b5ba9c7513e26d618fb61ed8af43370e6bdcba25ae180073942f6944d247ad3b90483f53f33b25b749babd38a4df1af7b46c4551cfad36f4f24a4da78e57f4741ed2834e58d6affff8c1f93aceba23ae180073902f69a5a46b257e8b41573c2ce9f6e99fdb24fdb838a4076c931eb1a2a8136b0dbda252d70ba76a3a6ebca265d5ba3ceb2ea4c3a107e80bdf3e57afb3ee882306408bf2251d28e917920eb66e41aa6d91f45b49bfd9f39fc5213dd4ce3f68d59816d4439dd4087562bda1e3eb0d1d5d6be8b06a5dcb276b5ac4bdf9b0e43be9f0257ae90d795d6bdd12370c8016e54bba46d25f5a770033a8a93910364fff6cdaf5fffeed837ac278558b9c5495540ba5de30546f18aaaf21e5c2503d8d50b946a8a0d150506d2857adc9e76f0944597f5613072fd441bc38a835bc27bb05f99286c5873fa22f2369f9f4cfa36c9f921eded9fd20a0937656d4bb7d4a37497a8e754b9c709d6e96f2253d55d225d61d0080c77a70874e1e58af775977c409036016f225e5d47c800bdf640680887a60bbd6ad1cd3d1d61d71c100989d5149cfb08e0000ecdb544dfe9671dd62dd11170c80fdc897f47c49e759770000f66ff3840efd8bbfd77aeb8e386000cc205f5246d23f88fbfd0120361edca1bf5d39a623ac3ba28e0130b373253ddd3a0200307b95babced933c17607f1800fb902fe930491fb4ee0000b4eee19d7ada69ebf57aeb8e286300ecdb2725de52060071144a7a78a7c6568d296bdd12550c80bdc897b442d22bad3b000073b7b3a2be89aabe68dd11550c803d4cdff3cf37480120011edca157ac28ea44eb8e2862003cd6bb251d631d010098bf5a436edba4aeb4ee882206c06ef2252d967894240024c9e6711d797a51abad3ba28601f068e74b3ac03a0200d03ea1a46d935cdadd1303605abea42592de6edd010068bfcde33afcf4a2ceb0ee881206c023de296991750400a033380578340680a47c494bd57cea1f0020a1368febb0d38bdce2bd0b03a0e95d92165a4700003a6beb843e65dd1015a91f00f992964b7a9b750700a0f3b64ce8d0d3d6eb2ceb8e2848fd0050f3b77f1ef90b0029b16d529fb46e8882540f807c49074a5a63dd0100e89e2d133ae4b4f53adbbac35aaa07809a4ffdebb78e000074d7b6495d6add602db503205fd24192f2d61d0080eedb32a1834f5bafd75977584aed00907481a43eeb0800808dad93bac4bac1522a0740bea483250d5b770000ec6c9dd041a7add71bad3baca4720048ba5052af750400c0d6d6495d6cdd6025750360fabeffb75a770000ec6d9dd081a7add76bad3b2ca46e00487a8df8ed1f00306dbca2b5d60d16d23800527bbd0700f0585b2674dcca312db6eee8b6540d807c49cf94f40ceb0e004074d41a72959a3e6cddd16da91a00e2b77f00c05e6c9f4adf9301533300f22565a5f4fd7f300060ffb64f6ae98aa29e6bddd14da919009206252db38e0000444f2869a2aa8f5a7774539a0600c7ff00807dda3aa953568da5e7733115ffa2f9920e95b4c2ba0300105d935505d586ceb5eee896540c0049e748f2ad230000d1b6b3929e57c4a76500bcc13a0000107d5bc775f4ca313dcebaa31b123f00f2253d4fd293ad3b0000d1570fa5a99ad659777443e20780f8f21f00a005db2775a6754337247a00e44bea937496750700203eb64f69e1e945adb4eee8b4440f0049af90b4d03a0200102f1315bddfbaa1d3923e0038fe0700b46ccb844e5e35a6ac754727257600e44b5a2ae954eb0e0040fc54eaf26a0dbddebaa393123b00249da664fffb01003a68b2a6d75a377452923f2013ff050e0040e78c57f467d60d9d94e401c0a37f010073b6734afd2bc774ac7547a7247200e44b7a86948e273901003a239454a925f7dd00891c00e2f81f00d0061335adb26ee81406000000fbb063524725f515c189fb97ca97b450d2f3ad3b0000f1377d3be05f59777442e20680a4bf90145847000092a1524fe643e592380038fe0700b4cdce8a9e63ddd0090c00000066b0634a8b578e25efceb2440d807c494f9674a47507002039c250aad693773b60a20680f8ed1f00d00193550d5a37b41b03000080fdd83ea5275937b45b620640bea41ef1f63f0040074cd59439bda8975877b453620680a45324f55a47000092a9524bd6ed80491a00cfb50e000024d7544dcfb66e68a7240d8093ad030000c9355ed561d60ded94a401709275000020b926ab0a568ee928eb8e7649c400c897f47849075b77000092ad56d7abac1bda251103401cff0300baa052d78bad1bda85010000c02c4dd5f434eb867649ca00e0fa3f00a0e3c62b3ad0baa15d623f00f2257992feccba0300907c95babc15c564bc1d30f60340d27192165a470000d2a1dad02bad1bda21090380e37f0040d7546b7a8175433b246100f005400040d74cd6f464eb867660000000d082f18a16af1a53c6ba63be623d00f225e5249d60dd0100488f5a43ae1e6a8575c77cc57a00483a5152601d010048976a5d675837cc57dc0700c7ff0080aeabd4e2ff06dab80f00ee00000074dd642dfe2f058afb00e001400080ae1bafa87fd5987aac3be623b603205f922fe918eb0e0040fa3442a91eea14eb8ef988ed0090f4444959eb0800403ad51b7aa175c37cc479003cc53a0000905eb5869e69dd301f711e008978121300209eaa751d6bdd301f711e009c000000cc546a3ac4ba613e18000000ccc1642dde6fa28df300e0120000c04cb52eb7722cbe9701623900f2252d93b4dcba0300906ef5865e6cdd3057b11c00e2b77f004004d41af17d247d5c0700d7ff0100e6aa751d6fdd30570c000000e6a85ad713ac1be62aae03804b0000007353352db16e98abb80e004e000000e6266bcaae1a539f75c75cc46e00e44b0ad47c0f000000a6c2e64b815e64dd3117b11b00928e9694b18e00004092ea0dbdc0ba612ee2380038fe070044465c5f0a14c701c0f13f002032e27a27401c07c0e3ac030000d8a5d6d052eb86b988e30038d43a0000805d6a752db06e980b06000000f350adabc7ba612ee23800b8040000888c6a5ddeaa3165ad3b5a15c701c0090000203242498d307eef0488d500c897b440d242eb0e000076d708f534eb8656c56a0088e37f00400435423dc9baa155711b001cff030022a71eea28eb8656c56d0070020000889c7a43875b37b42a6e038013000040e4d41b3ad8baa155711b009c00000022278e4f038cdb00e00400001039717c1a2003000080798ae3d300e33600b8040000889c6a5ddec07ae5ac3b5ac1000000609e4249bed371d61dad88cd00c897e44b5a64dd0100c0de84d211d60dad88cd0090e2f7050b00407a84a10eb26e68459c0600bffd0300222b0cb5dcbaa115711a00bc04080010590d699975432be2340038010000445618c6eb6140711a009c000000222b0c758075432b18000000b4418301d0315c020000445618c6eb17d5380d8058fd2f1600902e8d305eb7abc769007002000088ac46a87eeb8656c469007002000088ac46a85eeb8656c469007002000088ac46c8cb803a851300004064354265ad1b5ac1000000a00dea0d05d60dad60000000d006f550be75432be234006275b4020048973094b36e68459c0640c63a0000807d6100744eacaead0000d2251403a053380100004456185a17b486010000401b30003a8701000088ac987dfe3300000068975563eab16e982d060000006d128a01d009dc05000088bad8bc10284e038013000040d47102d0010c000040d4c5e68d800c000000da240c3901e80406000020ea3801e80006000020ea18001dc05d00008048e336c0cea8590700003013274d5937cc569c06c04eeb00000066e4b4d93a61b618000000b489931eb66e98ad380d8071eb00000066e2c409402770020000882ce7a48dc3f1f96595010000401bf82e5e6f048ed30088cdaa0200a48fc700e8184e00000091e579aa5b37b482010000401b788e01d0290c0000406431003ae78fd6010000ec4be069ab75432be23400eeb60e0000605f32beeeb56e68459c06c03dd6010000ec4bc6d35dd60dad88d300e00400001059bea75f5a37b4224e03e05e4915eb080000f6c6f7f443eb8656c466001487d490f4dfd61d0000ec8deff403eb8656c466004ce332000020727219d5370e6b9b75472b18000000cc53d68fdfb36ae23600eeb10e0000604f41460f5a37b42a6e03e00eeb000000f694f5f51fd60dad8adb00f87fd6010000ec29f075ad7543ab6235008a437a48d26fac3b0000d8c53929e3e94bd61dad8ad50098c62900002032fab3da79ddb0b65877b48a010000c03cf406f13c9966000000300f595f375b37cc451c07c01d927658470000204981afaf5837cc45ec064071487549b75977000090cba87e7d5eb75a77cc45ec06c0342e030000ccf565759f75c35cc575007cc33a000080de40d75937cc552c07407148b789370302000c794eca65f411eb8eb98ae50098f655eb0000407a2decd103d70deb77d61d7315e70150b20e0000a4577f56575937cc476c07407148b74bf15d5e0080f88afbf1bf14e301308dcb000080ae5bd4a3fbaf1bd6efad3be623ee0380cb000080aeeb8bf9f1bf14f301501cd20f25dd63dd0100488fe9e3ff8f5a77cc57ac07c0b42bac030000e97140affe3beec7ff5232064051d284750400201d16e6f477d60ded10fb01501cd243922eb7ee000024dfa21e6dbe718dbe60ddd10eb11f00d32e95d4b08e000024dba21e7dc2baa15d1231008a43ba4bd2d7ad3b0000c9d597d564d68fff97ff7649c40098f671eb000040722deed517370e27e7b439310360fa96c09bad3b0000c993cda8de93d179d61ded949801308d53000040db2dedd3f51b87b5c3baa39d1235008a43faa6a45bac3b0000c991cba8de1be88dd61ded96a80130ed6d92ead61100806458deaff5d70deb01eb8e764bdc00280ee9e792c6ac3b0000f1b7a8475bbe756eb2aefdef92b80130ed7d921eb48e0000c49773d292bee41dfdef92c801501cd216491759770000e26b79bffefd867cfcdffab72f891c00d32e97749b750400207e025f8d05390d5a7774526207407148a1a435e211c10080161db8405724e18d7f3349ec0090a4e2907e24e953d61d0080f858d4a34d3d19bdd9baa3d3123d00a65d28e976eb080040f4657d3596f6ebd4243df2775f123f008a43aa4a3a4bd216eb160040743949072fd23baf1fd61dd62ddd90f8012049c521dd23e90dc6190080083b68a1cae535faa47547b7a4620048527148574bc9798f3300a07d0ee8d543fd59adb0eee8a6d40c8069178a5b030100bbc965545fdaa7e7a7e1baffee52350076fb3ec066eb1600803de7a483176acd75c3bad3baa5db52350024a938a4df493a53d284750b00c0d6e316e99f6e5ca37fb4eeb090ba012049c521dd2ce915922ad62d00001b8f5ba4d2b7cf4dfefdfefb92ca012049c5216d9474b678753000a4ce218bb4f13b6fd759d61d96523b0024a938a4af4b7a93a4d0ba0500d01d072dd4f76f7ebb5e62dd612dd50340928a43fa5735df19000048b8e50bf4b3ef9ea71758774441ea078024158734a6e62d820080845ad6af3b17e5f42ceb8ea860004c2b0ee963922e10970300207196f5ebd707f4e8f8b4ddeb3f1317867cdeed2e5fd22b257d5e528f750bd06e3ffd83f4f04eeb0aa0bb0e59a48d5cf37f2c4e00f6501cd2d724bd48d203d62d0080b9f39c74d8627d820fffbd6300ec457148b74a7aaea45f5bb700005a17f86a1cbe586ff9d6db74be754b543100f6a138a4bb253d4fd2b7ad5b0000b3d71ba872e8011ab8718d3e6bdd12650c80191487b445d20a49975bb70000f66f618fb61cb2484fbd21cf2f6ffbc3970067295fd2d9928a92165bb70073c597009154ce49072d50b93fab976e1ce631efb3c1006841bea4c3255d21e9c5c629c09c300090447d594d2defd71b6f5ca32f5bb7c40997005a501cd21f249d26e93c4993c63900907a072ed08f0f5ea843f8f06f1d270073942fe938495f9078aa14e283130024452ea3da410bf5eef21a7dd2ba25ae380198a3e2907eade6ad821f16a70100d0154ed2b27efde7a107e8483efce787138036c897f4783587c06bc5a84284710280383ba0570f2deed5dfde90d7d7ac5b928001d046f9929e21e963924eb76e01f686018038eacf6a7c69bfde5f5ea34bac5b928401d001f9924e5373089c68dd02ec8e018038e9c9a8b6ac5f9fcd65b48697f8b41f03a043f2253949af91f43e49c71ae7009218008887acafc6d27e7da32fd0eb360e6b9b754f5231003a6c7a08ac90b446d22af11d0118620020ca16e6b47d518f3e97cbe8c28dc31ab7ee493a064017e54b7aa2a4bca4374a5a629c83146200206a3c272de9d39dfd597d807bf9bb8b0160205f529f9a9707d6483ac1380729c2004054f464545bdca71b7a039d77ddb07e63dd93460c0063d3770e9c31fdc39706d1510c0058ea09545d98d3cf7a025d1e78faccc661d5ac9bd28c011021f9928e94b45acd31708a24df340889c30040b7f56735be20a75b7b02156fc8ebff5af7e0110c8088ca97b44cd25f4a7aa99a4f1c3cc2b60849c00040a705be1a7d593ddc17e8bbb98c3e7e7d5eb75a3761ef180031912fe96049274b3a69b79f65a651881d0600dac9f714f665b5b527a3df6433fa7ee0e9caebf3bac5ba0bb3c30088b1e9bb0a4e52f3bb034fd8ede771e27643ec0503007311f86ae4329a087c6dce78fa53e0eb6781af6b7ca76f721d3fbe180009942f2950f392c1eea3e008490b25f549ea9dfee79e3fbd927a0c92d1250c80f4f29ce439859ea786e7d4f09cea9e53cd73aa3aa7aae754f19c267d4f7fca78badb77fab5e7e9a79ed3edd70d6b93753fdaefff03cd269e5cf108d5630000000049454e44ae426082);
INSERT INTO `alumno` (`idalumno`, `dni`, `nombres`, `f_naci`, `correo`, `distrito`, `telef`, `descrip`, `photo`) VALUES
(4, 41552255, 'Javier Zamudio Caycho', '1999-12-12', 'javier@gmail.com', 'Surco', '998004958', 'ASDASDASD', 0xffd8ffe000104a46494600010101009000900000ffe100224578696600004d4d002a00000008000101120003000000010001000000000000ffdb0043000201010201010202020202020202030503030303030604040305070607070706070708090b0908080a0807070a0d0a0a0b0c0c0c0c07090e0f0d0c0e0b0c0c0cffdb004301020202030303060303060c0807080c0c0c0c0c0c0c0c0c0c0c0c0c0c0c0c0c0c0c0c0c0c0c0c0c0c0c0c0c0c0c0c0c0c0c0c0c0c0c0c0c0c0c0c0c0c0c0c0c0cffc0001108012000f003012200021101031101ffc4001f0000010501010101010100000000000000000102030405060708090a0bffc400b5100002010303020403050504040000017d01020300041105122131410613516107227114328191a1082342b1c11552d1f02433627282090a161718191a25262728292a3435363738393a434445464748494a535455565758595a636465666768696a737475767778797a838485868788898a92939495969798999aa2a3a4a5a6a7a8a9aab2b3b4b5b6b7b8b9bac2c3c4c5c6c7c8c9cad2d3d4d5d6d7d8d9dae1e2e3e4e5e6e7e8e9eaf1f2f3f4f5f6f7f8f9faffc4001f0100030101010101010101010000000000000102030405060708090a0bffc400b51100020102040403040705040400010277000102031104052131061241510761711322328108144291a1b1c109233352f0156272d10a162434e125f11718191a262728292a35363738393a434445464748494a535455565758595a636465666768696a737475767778797a82838485868788898a92939495969798999aa2a3a4a5a6a7a8a9aab2b3b4b5b6b7b8b9bac2c3c4c5c6c7c8c9cad2d3d4d5d6d7d8d9dae2e3e4e5e6e7e8e9eaf2f3f4f5f6f7f8f9faffda000c03010002110311003f00fdfca28a2800a28a2800a28a2800a28a2800a28a28eb7000d9a280b8a6b3f1f2e3ad01a8ae32b489f2ad477d791585ab4b348b1c4832ccc7815e6fe3afdaa3c07f0ef46babcbdf1169ccd6aa4b4293832376c014c1c92dcf4c59030a766be47d5ffe0b09f09f4ab6924926be2b18dd85039c579ac9ff000716fc118f5afb0bdbebcad9dbbca2edfe74f9599fb68773f40b3485b8af943c03ff000582f83bf1025b7483576b7fb4b003ce755db938e6bdff00c2ff001b7c27e32644d2fc41a6df349f7562983134acca8ce2f6675e8368a197268571b739cf1d682ea075a94b52ba0ea40d9a5a4cd30141a28031450014514500145145001451450014514500145145001451450014336d19a29aafb9987a5003a8a2a2babb8ad21669a48e241d59db0050048181af2cfda37f6b1f04fecbbe1b9f54f156ad0d9c50a9729e60df8c67a57ca5ff000532ff0082c1e9bfb2378825f0be8332dc6b6b1893ce8f32460b027191915f863fb667ed21e34fdb63e2b5d788bc5dab4b31621228e294aa0418c647e15b428f36af6387118c50f763b9fa69fb5cff00c1c65a378ced354d07c1571e659de068565745570391c1c66be02d5bc5ede3bd7e4d7ae7c4dabb3cac646805eb94e4e718ce2be7397e1e5bba1ddbb81c106b8eb9f18cbe03d73cbb799fcaddb482d9e2b4d1688f2e75a737791f54f8b3c7f642d777f695c6d51820ca6bceef35bf0ff88da484de48ac3f8b7ed35e17e3ef88f35e5b2c96b236e23e7e6bcc753f1edd34c59a5605793838cd1cc8d69d367d4577a169fa5dc798bafead120e479772e31f91af52fd9c3f6e8f107ecb1e28b7d4bc33ae6a3a94d6ee18477972d229c7b313e95f0be8ff001a6f2cc2c6d23143eb5d041e216d7c89924dac9cf5a96ec5f2491fd087ec71ff00071fe99e39f12697a3f8f268acdae76c2cd146a06ec1ee07b57e917c26fdacbc09f1aa263a2eb966e53f85a7018fe15fc6be95e259ec2511b48cbce4107906bd57e097c45d47c3be238351b7d5b528ae2d4ef4c5c36dc8e46466a6c99d50af38e8cfec8edaea3b9895a3915d4f42a720d3986e1c57c2bff0441fdb3a1f8f7fb1b69dff000956b9a78f10585c4a9279b70aac63042a753e95f6f699e24d3f5703ec97d6775dbf7532bff2359bd19dd09732ba2e91f30a5a40d9a43300fb79a9287514514005145140051451400514514005145140051451400546d88db8fbcd5253254dc33e9400cbebf86c2c64b89a458e18d773b1e8a2bf223fe0aa3ff05a6f107817c697be0ff04b59fd8ed95a2bbb8909dd9c1fba47b1afa6ff00e0adff00f051bd23f658f85ba9f87acef15bc41ab20b58d1482577ede7dbad7f3f3f1e7c6173e3ad566beba9646b9bb3be525b3835d1469abdd9e7e2abfd98b327e317ed25ae7c4bf104da85ccb2df5c5cbb6e7b83b88e4f4f6ae3ed2f350bb6595d917711c565ea3af1b21b42aedcf1c557b6f196c6c36071c56f2692d0f3bd9b7a9d76b3e20bad2ad76a846dc2bc57c736f737ba9b4dea73c76aeb3c43f12643b555776df6ae567f13cd725bf76a59ba656b9a52bb3aa34ca89a34b7da6ed2d86f7ae635af059048f3075aeaddb5068cb3ac6b1b723b5656a27cdda4372a7d696acd1791c5ddf86268bee9f7ab5e1dd6a6d12e02b6ec67bd6dcb7b1db37cdb78eb59faa5c5b5e8620a8fa50f4295d9bf6fac2ddc8adbbef0ed5bda6f8c6e342b7fddf46eb5e7304f25b8578f9dbef5b5a66bc674f2e4fe2a4f414a2d6e7befc02fda1bc5be0369aeb41d7b50b343f7a08e6da9f957df9ff04f6ff82d078b3e0078ef4b8fc4d7726a7a3df5dc70ca59cb32177da7f019afcb8f026a4ba25bc8acdf2cbd2bb2f0af8805e2f911b7224de0e7906aa313172945de27f601f08ff69ff07fc68b7b73a26b1673dc4c8acb1090172480718fc6bd219b09db77f5afe647fe0931fb637fc280fdb23c1f378935abe5d0e6bd0b3799396503000e09f5afe97b46d6ed7c4ba3daea16732cd6b77125c44ea7ef2b0dc3f43594b43d0c3d4e78dcd1424af3d6969b11fdd8a70a573a028a28a0028a28a0028a28a0028a28a0028a28a0047fba7e9599af6ab1689a05edd4d2a431dbc2eeceec15570a4f5ad273f21af957fe0b1df184fc18ff00827b7c46d4ad6f16d3546d38fd97e6dac4938e3f5aa8abb22a4b962d9fcfeffc143ff6969be25fed69e22d4af2f1aee3b7bbb8823c3ee501642a31f957cefe37f8db631419fe322bcebc7fe3e91e7bab8334b3cf79234cef21c9dcc771fe75e5de23f11cd236e67639aead363c48c5ce5747a46a7f1363d564c2b7de634ed2e4fb7caadbbafbd78ed9eaf2473e64638ea715d15af8fee2d2158e05cae3a9eb59ca4ad7677d3c3b48f72b3b6d2ed2d775c32b3633f7ab9bbfb8b796f8fd9f6eec9c1af3fb1fed4d6d84ad33857e700d765e16f0b5c21566dcdeb9ae3962211378e15be85cb9f03dc6b9019246fba3b1ae3758f0fb5a4cdf37b75af50bcb9bad2f48708b9dded5e7ba9b5d6a170dba3dbcf18151f5c8f4348e1651e87177f0ed9597e6ce2b2646fb2cbbb3cf7aedee7c2124e0b6c6fcab98d77c3135adc1f95b07da9fd6a2fa94b0ed6e86d96ba193cb6ea462b6345f2a638fe2eb5c93c12599f995830ef8a961d5ee2d53746dd6ba29d4e65639e745f43d023bdfb327cadc77e6b77e15f8924b5bd99c9f9371ebdabcdac75693c96672391d09aded0f5f4d274a92407e6626b4e539650e8cf42d7fe204777a85b3348ead6b323028d83f7857f55bff000449f8bb17c65fd87341d461926916de38adc99092d945c77fa57f1ea9ae7dbb58858bb7cf202c33ef5fd4a7fc1b43f1bf43d6ff00646b5f07d9b3b5f5b8370db8f6f9b359cb736c2c79647e9cc2db929573de9235d89423126a4eff0041d45343734ea041451450014514500145145001481c352d2040b4008aa41f6afc69ff0083a5ff006988f45f0df877c156974d9d491e1ba456e38de79fd2bf662bf993ff008390bc4579abfedb7e26b3926dd0d85e110ae7ee706aa37be87362dbe4d0fcbbf1adf7997322ff000a1c571fa8389b8ebdaba2f1242cd72cadce4fa566c5a42ff10f715a27d59cd42263c7639b8cf386aebbc2fe10374236da5b774cd53b1d216eefe35db9e6be96f803f03dbc5b6d6ede5315dc074f7af1f198ae4573dac2e1dd46918ff0e3e06cda85846de59c119e95eade1efd9f26fb329f2bb67a57bdf817e13dbf8734b86dfc9c346b8e457636fe1d0576a22fddf4af8bc5671294ac8fb6c0e530e4bb3e57d77e06797063cbe6b979be0101704f97c75afb075af042ddfdf51815857df0d63132ee4ebdc0aca39acd2b1d71c9e9b7a9f31c3fb3f79f16d58c66b1fc51fb2ddc4f6ecf1c3f36091c57d95a37c35b77db98fa735a97de14b4b446dd1af35a53cda7cc655b26a76b23f2efe20fc18bbd26297cdb7daa848c815e5d7fe1f934f94fcbdfbd7e9dfc59f83f6fafe8f75e5c2b86c9e95f16fc71f84dff0008cbc8de5b2e0f1c57d2e033253d0f93cc32d74755b1e1377233ca17a53a7d509b6f2031e2a4d5ecbc9bbf4c566cb1fce76e7d6be92954bab1e34a9a44d62e61b847c9cc673d6bf663fe0d6ffda6b5cd0ff696b3f0dc6d19b2bcb692360e47421fa57e30db0d927e35f79ffc106bc637be13ff008281f821a0976472dd2a38cf5055eb496c613d248fec0c75a318aada55eff6869f1cdff3d066a78dcb1ac4e81c0f34518c1a2800a28a2800a28a2800a28a2800a03668a02e28021d46e0da69f3ccbf7a28d9c67d866bf94bff0082e178eefbc65fb797c41b8bc3191f6f3e56c3c0e3bd7f559e231ff121bef4fb349ffa09afe4abfe0af7724feda5f10a301995afd80622ae271e32f648f8df58b4fb5dc743bb35567d264445dab5d14365bcfdded8aebfe1cfc2eb8f17de0548cb8158e22b284352b0b45ca564725f0fbc0b36a9ab47b636666f415fa6ff00b16fecf4a3c09693490fef6419e9f5af13fd9b3f65095f568de684609e491d2bf4b3e00f81f42f047856d52f2e6de1f253905c0f5af92c45575e565b1f5983a31a31bcb73cda6f81335ac3e6491ed503838ae6353f0dae993320f5c57bdfc5cf8e3e1db7b26b3d3eeadde4c6d2722bc3f55f1458cb2b3493c7c9cfde15e0e2b06e2f447d560711192b239cd5ad7c89170b9e2a9cb16e8f71519fa55ed57c536334d88e45661c1e6a8cf7f1cc9d7eed79352323dea7cb6d4759b885d540e5bae3deafeabe17fb4d96727711c62b9eb7f115b0bfdad22ab29ee6ba88bc490dd5b8db221e3d6b6a3879b5739ead6845d99c6ea5a11b7b768dc295e95f34fed77f0d23b9d0dae11318f41f5afaaf5a02e436d619ebd6bc9fe3ce88359f0d490b2fe55e8e06a4e8d4573c5cc69c6ad3763f31bc6fe1ff00b0eab20f7c573b7f008931b7a8af6ff8d9f0c65d2b5776f2db6924ff003af24d62c40919315f7783c473c5347e7f8aa6e12e53020b46138dc7a9ea2bed3ff822aa94fdbe7c0a77285fb6a0f7fbaf5f1b4c9e449b0e7d2be9ff00f82576b975e13fdb57c037564ad2b9d4e352319c0daf5ec2d6279b51bb9fd9a7849c27876d7fddad415cb7c2ad4a4d63e1d697712a959258b2c3d39aea474ac4eae81451450014514500145145001451450014138a282334015f548d67d2ee15c651e260c077041cd7f2cbff0005b7d1ecac3f6c9f1cc36703c31477a7865c31afea848c8c57f385ff00071efc2b6f03fed6da86a9244a22f11dd33c3e58e980dd7f2aa89cf88578a3f2feeacbecc621fc4e4018afb93f618f80f1de78745fcd0ee2eb9e457c55a3d81d4fe20e93a78f99a7b95415fb01fb31fc2b87c19f08ed5a55c6f8f9c57cbe7d88716a27d064b86e75768f1bf89be39baf8533bdbe971ed931c9d8715f3d7c4af8bde35f11ddc920bb9a3c8ec4a8afab3f6836d2f4ebf92e264dd81dc57c73f167f69dd2b44d5ae2d2ded15bcb046715e5616b39a491eae228fb33cfbc49e37f1be9d70d3fdba4eb9396353f853e3b78aaf6e4437576c4631d4d711e28fda9e0bd7923fb27a8e954bc17f11975cd611445b771cf4aefad45a85e47361f1094d247d59f093c6f7b73396b898b7e35ea175e2b9bec2de5b73b6bc27e0e5d7da3568adfbcdd2bdeb5af04dc68fa0b4ccadb550374eb5f2588b7b4b1f6f859b74f53c17e2d78ef57b3d46692198a95e7ad7952fed73e30d1e49a05b8dde59c2f06bb1f8b5e236fb7dcee51b149045792e9de21d1e3d59d6eb8dedc935f4382a6f90f98cc6aa8d5d59ea9f0f3f6d5f145edd2ade48ccbd38435e8365fb4749af4e22bc56dadfec9af36f87d078567746f3371ea76e2bd7bc25f0a7c3fe3b4ff0043959644183c8eb53888a86acdb0b539d68ccbf127816c7e23594970a8accc3a57c97f1efe18b783fc4337969b4647f4afd00f01fecfd7de1c9db6c9e6db4878cd7cff00fb7ffc39ff0084618cfb36868c13fa574e598bb54e53cfcdf0bee7323e357b55f372477f4afb5bfe088be10bcf11fedc7e0c5b56b7545bb56659319236bf4cd7c6d35b79a91374c9e715fa2fff0006e87c0abef8b1fb74787b54b56916d749cdcc817d155f35f6319a713e2e4bde3fa9bf0a591d3bc3f6d0b6331ae0e2b469b1c6208f6af4a556cd0750b451450014514500145145001451450014138a2823340013815f8b7ff074d7c37b1b5b8f03eb11f37d78646c7a9f9ebf68dc650fd2bf28bfe0e47f047fc253e20f8593bc6ef6f69e7193038fbb275a9a92b46e1cbcda1f82bf087406d4ff00687f0ec7b727edaa48fc0d7ed078534df2be1edadb2aff00062bf287f655d27fe122fdaf6c9551bcb82f9f1c7a161fd2bf622cec153438d42fdd18afcff3ec4394cfb2c8e938c2ccf9cbe3bfc1193c63148b96008e4838af8d3e23fec63a3da6a37525dc971e73139e4fa57e9debda025d44fb96bc3be317c34b7d41a53e5fde5c578d85c54a1aa3e86a6063556a7e61f8b3f667d274eba93cb6908cf3c9aa7e1af8596ba46ad0b43bcec3cd7d75e2df80aa6795fcb38c93587a3fc078df50857cb3b19f9cd7a55b36bd3b1853c962a77658fd8d7e0bdc7c45f8916fb63616b6e3e663ebc1afb0be31fc368ec3456b3555f96151d2ae7ec71f096dfc3837471050884938ebc5751f19cff68dcc9b3fe598c0af0bda4a4f9d9ee469457ba8fcbafda1fc00da56b77b1e0862f9ea7dabe76f18fc19bed6eea392cd9b703cfcc457e83fc74f8529e2dbfb862bf3e306bc42e3e02dd69d73fba52406afa2c0e67ece278998646eacb98f01f04fc0bf166871ac96cad2363201726be84fd95ed75cd0b5e65d4e3652c79c741d2bbcf865e07ba33471c8ab8c7a57b1f833e1cc36cef2346bbbd715cb8ecd3da682c264bec5dcedfc0f2a4ba722b05231dc735f36ff00c150fc2aade05372abfc2bc8fc2be9af0be986da5da775787ffc14dacb77c22908ebb476f6159e535b9eaa39f39c3f2d167e5de9ebf6bbb5b7fe3ce062bf69bfe0d41f0edc7847f684bcfb72428b3e993842d8dc490c462bf297f65cf8451fc56f1cc76b32ee2b27d2befcff00826178bbc41f093fe0a1be0cd0ade6f2ecdef161755eebb5abefe18af7944f90a79449d078867f4e8cb934ea8ed26f3e056f5a92bd33cad828a28a0028a28a0028a28a0028a28a0028a28a0047fba7e95f127fc170fc0b677dfb28eade2a92269afbc3768cf6c00cf2c48feb5f6db7dd3f4af9d3fe0a6fe117f18feca1e25b558fcc8dad80604678cd6388fe1b35a3f1a3f9fbfd893e02cd6ff1bad358b98bcb6b8733e31d3764ff005afd26312c36c88a3b5781f85bc2517863e2ee9b6f6f1aac2b0a03818e76d7bf5eceb0a11d36f15f9ae6552f2d4fbfcbe364ac636b1b64b723f3af34f1c5ac2aeccff30c74aed3c4faf8b58994f15e47f123c691da8914b7de4af1fda4523e9f0f4fb9e7de3df1759e9b3347b17a9ed595f0f2ee3f1778960860872a5b24e3a75af3ff00889aeb5fea6c119892d802bd23e03dd43f0bb40b8d5353f936c65b247407ff00d74e32e63d19515ca7d5de08bfb1f0078464553fe9120c5725a8dfa6b1773348c3e6e4578a7853f6acd2fe2b6a77767a7dc3192d5c290dc0e99ae8b53f88d068760f717932a4718c939eb5529abf29c6a9db5472bf1882e8dac3c9b331f1d07d2b9ab53677d12bec56f307a5747e20f1be8df143c3b335bcc1980207af02bcaf44f107f646a1f63909015b68a9e668ea8c6fa33d1bc33e0f47bc568801bbf4af4ef0c7863ca4dac07d6b89f01ea0b36c2b8e95ea5a149e75bee6e3e95cce5add994ec82d744025c2af3f4af04ff8287f855eff00e15cd18f99b66471ec2be96d16359a424ff175f6af20fdb7ec94782d9b6ee52028fd2bd6cae4a0f98f9ecd21ed1729f9e3fb1a5adc781be2dd9dcceaab1cb3f231d2bf4e3fe095ff00b28c9f17bfe0a35a6f8876b2d9e8f6c7500d8f949556e3f5af8a3e18fecf7ad6ade24b7be8edc476f3c8183636e057eedffc1193f6766f027c385f13de41e5decd11b60c472579afb5cbef56773c0cd24a8613d9c7a9f77a80071d2969b11fdd8a7138afa5d8f8a0a28a2800a28a2800a28a2800a28a2800a6abeea7522a6da006b0c035ce7c51f0fdbf8a3e1eeab63751f9904d03075c75e09ae95864532e625bab674619591483f8d4c95d5823a3b9f86fe27f2f4af8e7e5afc9e5ea5244aa7ae03102bd4bc55a808c373f357b67ed97ff0004cc8349f13b78e3c3f712f956f71f6a9a273ea7271f8935f3df8a8c8b9df915f9de7d839c1b67de64b8a84d5afa9c3f8f757f251b1fc3ce6bc17e25f89195a56ddd474af5df89175b61f9738af9bbe28788186a7246bf77debe4d45b763eca95451473fa25b8d6fc516ec41663264d7b478c7c18be2df06c9a79e164840e3f0af23f85935bdc78aa2334d1a242fce4d7b3eabf13348d161dbe60970bced35df4a8cec675b171e87cf5a4fc253f0afc4524f6be62c8dd4fad5cf19dd5e78c6c16da5918af41835d978bfc7fa6f88673e4c6eac3ae4560586a16c974bbb1b49ea68a9467736a3888b452f84fe0293c2c3966d8cc4e09abff13f4bfb25afdae05c489f331c57616575a7cc235f3163dc3b9aa1f102d2d869527fa442cbb78c375a52a53683eb515ab2bfc06f1f2ea2442edfbc507f1eb5ef3e1fd7bcf8c479fcabe30f016b72786fc7a822626376231eb9cd7d49f0f7559274591bab738af37109c5d8d154525cc8f5ef0ebeef997bd799fed693fda5eced5b6b2bf97c7d48af43f0a5cf9acbf96057997ed1105f6bff001574dd36c749d4b50f3162c3411ee55248eb5eee5b46534923c0cc2b4212bc8f44f80bf0a1be2f789bc2be07b289564d52458cb818d9839e4f6afdb3f877e0b83e1e782b4cd26da358d6cad6289c28eaca8013fa57c77ff04cafd8527f86a57c69e225ff004d9d567b28f1cc2703afeb5f72a7ddcfaf35fa3e5987f654f5dcfcfb34c67b7aba6c822398c50cfb69d48ca1ebd23cb141c8a281c51400514514005145140051451400514514008cdb4523e0c74e65dd401b450073fe36f0f47e31f08df69f22ee171114191df23fc2bf2fff00691f053781fc6f7f62576ac6f81c57eaf3011a96f6af88bfe0a7ff000a5749b2b3f11dadbbb46c364fb1724b12706bc5ceb0bed68bb1ebe5188f6759267e777c495c897e95f377c51d3d44d34ad9e14ff2afa57e27da2c0cbdd64f4ed5e0ff001334cf38b2a8cf6afcca34a50a9ef1fa3d1a8a71d0f937c5de30f136837f75369f1b342add7be2bd83f66eb883c6da17db3c4325e46caa4b004f5aeab46f04da5cc3247242ac1fef645747a7ccfe09b3f2ec638d548c636d7ad0c5452b3261816e57377c2ff083c39e2ad3ae2e2cae641e59e923104f154356f82da6e9fa634925c3798a4e007ae6b58f11bdf5d6e66649075d8702a958eb0d2cea9e648467a1357ede9b3d2865d1b5d98df107c3f75a769b2c9a7bc8cc884a658f502bc6ad759f889ae1669adffd0e23c9ee466bea1b2b06d50aac98da6adeafa15bd9e9724691a8665c702a7eb8a2b951cf5b02afa9e3bf0ef429b50bfb39641878dc16fcabea5f87b63fe889b3f84735e23e09f0ff00d8b5c195f9771feb5f407c35b75d985af0aa7ef2aab1b5e34e163bcf07dae24e01ddfc3ef5fa2dff0004fafd99b4db1f07c3e24d574eb6b8bab862d1f9f107f979c75af89bf668f87bff000b1fe28e93a684621a5c3f1c6315faebe0cf0fc7e0ff00085869b1aed5b38562c01e95fa270f605461cecfcef8871bcf579226b59db456d02a451a468bc0555c01f85491e10edefd688b84a757d49f2e07a5355484a751400d56cd3a902e0d2d257ea0145145300a28a2800a28a2800a28a2800a28a2801b28dd19ae57e287c39b0f8a7e0dbdd275089648e5425091d1b071fad759d6919030a99479959ec38bb3b9f89dfb557c22baf84df16b56f0ecccb21b51e7a1f40c4e3f4af9cfc55e1a77b891db939e95f727fc154ec63d17f6abd52e01ff008f8b48430f4e0d7c9b7a90eaaedb5970c715f9de718350a8dc4fb9c9f192705cc7953698fa6c2d285f7159ba8ea1e6c2db96bd575af04a9d3feef6ae45bc0eb282adf781cd7cd549c933ecf0f5632479bdd59c93ce0c63dcd49a3e93335d83b7f4aefe4f032d8b7986ace81a04324bd17e5acfdb4d6c77fb4ec55d2ec0c16ead8ed55ee5e49dca91c0aec1f4e8a15da3e86a9c9a046d92b9ddd4d385494dd99c75aa595ce72cb45fb3caaebd7a8af4ff00868c554798c171ce6b8793cbb19c6f6c638adad03c4015b6c4c79200c57a985c27bea523c1c662db8b48fd09ff00824bf85acbc6df13bc457520cc9a3dbc72a7d4b01fd6bf4732248f38afce8ff8220863e3bf1db33139b087bffb4b5fa2ebc28f4c57e9997c5468c523f37c749baaee393eed2d221caf14b5dc728514514005145140051451400514514005145140051451400514336d1481c13f4a00472463ebcd0adf31fd2893ee1aa3a8eab6fa2da7da2f2e23b785464b3b600a2e07e5cffc15a2d7cefda7353e7ef59c23f4afcedf1ff8a2ff00c11e2179ade46102b648afd00ff829ef8c6c7c5ffb4aea5716132cf6eb6d12798a72ac4039c57c27f15f435d4a59885fbdc735f079c6262ebb47d965345fb14d9d27813e3759f8d7488e191bf7db7073c73526af73f650eca47e75e09a7e9171e18d4ccf6d232f94d9c13c1adb9fe30de431ed9954a81cd783522a5b1f4387a8e9ee765aaf89266971bbb541e1ed5a4f318e48ee2b847f8b965249ba6f94fb1a69f8cb6369f32f7ed5cef0adea7a3fda11b591ec16baab5c15f31b9ef4baff008e2df44b765565dc074cd78e5cfc766d9fe8f1f24704d61dd789b52f11dcb48cdb518f4cd746170ca0f9a471e2710e6ac8eeafbc7afa85cb61be5248aeabe1f6a325ddda3678045793e916b24b8ceecf7af56f85f06e654c30ef935d93c4c632d0e1fabcac7e977fc1157c456fa2fc44f17412e43de59c2a9ee772d7e951184c7e15f8bdfb187ed0f6bfb3a78edb58bd5924b375559563fbc40c57e8efc04ff828f7c38fda0dda3b3d43fb26e165f28457cc119db3d877cd7dd657898d4a29267c3e6987942b33e8475263a7018151daceb7102ba32b2b0c820f5a7eff009b6d7a879a2d14514005145140051451400514514008ae1891e9d6968271466800a467da47bd2e722ab4930823c934013c8708735e7ff1dfe3ee83fb3e7c35d5bc4daede476b6ba6c4652a586f93b7ca0f5ad7d6bc42cf2322b7eec0afcf0ff82cc7c2e1f193e2dfc197bc9ae4689a74d21bc8a290aac83f798dc3bf6a8c44bd9c1c9974a3cf2b23d33e0e7fc162746f8897174d70268edf2fe4930eddc3276f6f4af3ff00da83f6f7d7be2a69d3697a7b2c7a6139691708ff0098e6bc6f5ebc82cadbecf6d0c31c36ea2340ab83b4703f415c0f88f5c120c73c7a57c862b3b959a47d3617274ad2914fc5bab9bcb1db24cf336e2c6473b989fad78ff8da2f3247f4aedb5bd433236c3c570fe249b7dc37e55f1f8ac5394f999f4b87c3b4b951e79ab59fface3e6ae2fc470298dcf35e83e216588c82b8dd5615977285e3ad674710e4744b0ecf27f11441a724338da7b1351c3a435d303b9f1f535d86b3e1557766db54f4dd20c6fcff000d76aada5895877d0b7a1688a608c75db5d0d945e5a14c2fa547a65baa44bb7f1ad4b6b7588ff2a8f68ce8a747b9b1e1ad394baeefe55e8de16856d4a98c7cb5c1e9470ab5de78525132281f787a8af3b11377b9d52a692b1dd69975f658772fcc1bd6bcbfe3e7876fadf5ad07c4da1ea5a85a6a56faa5aa986099a38d944a99c80715df2dc3489b57d38ab1a578717c65e2bd234991777fa543391ec1c1fe95f43926327cea07cbe7185872f3753f5dfe057ed477f3fc2ef0ec9a92a8924b54dfc73d057b5f81be2d69be378b6473626ebc9c57c81a798f4fb5b2b387eec31aaa8f4e056fc57b269da824d6eecb2201d0e2bf48a72bc753e1e54d27a1f675bb82bc3061db9a909c0af96f44f8f1aee808bfbe0d1f191d78af51f00fc745f11d9eeb9cf998c1c0c568627a916005286c8acdd3b538751b78d832fcc33d6b422e5280e8381cd14d276d2a1c8a005a0b6da64c7e4eb59f73a94306632c4b638c50068c8cabf78e2aa497a91a96ceeedc56716babefbdc47eb537d896dad9b93d285b80d93c46b113c13eb59fab6b4cf1ed0700d4336ddedb7d6a8decde6286f435d118a3377667ebfa830b4658faf435f317edefe19b8f10fc1abed6add43dd78562df082396c9ff00ebd7d19ab49bd9cf703f3af3ef1c6890f8dbc2fab69137ddd4226561ea71c5736329f35368d70b2e59dcfce3d4fc46350d322981fbd12eff0066c0cfeb5c7ea93ee66f43562f34fd43c11e29d5bc3da9a797770dc4d2c63b18839c7e98acfb907cc3bbf0afca33083a555a67e8f81a8aa534737e21bc55ba6fbc3d2b8cf13dc6d9777fb35d7f89216766931d3dabcefc697cd17d6bc7aceeae8f669c6cb430756b8f3e63fa7bd63c88ae59587526ad3dced90367f0359f7d71be42d9da07a573c6a35b1db0a49ad4a3afe9e3ecfb97dab352c33701ba6056dc974258b6ff003ace9d7e7e3d2bb29d66672a561f01f2b0aa2af80084e7a566dbcfb0edab9692ef9b6f6ad653d0395a773aad1544922ff7715dc680ab02294fc2b83d0250645eb5dc786199a65cfd05707336c248e9b4edccc878f7af68fd8fbe158f889f10ff00b5a43b52c731fb12b935e3b25bfd8f4790a1dd230f97d4d7d91fb15fc3893c19f0b6da695596eb516338cff7589afb0e19c0b94bda48f90cfb1492e43dabc29a78b9d41ddb27cbe99f6c56b37cd70cdfddcd47676dfd996d95e188e69b63be67ddd8e7bd7e8d18a8ec7c74bb9681529bb1b8d69783b5f6d3755fb3f412f03154597cb8c7ad6626a4d63e28b763d335a27739e5b9edba4f892e6c6445591b83c73dabbbd13c7934b1a79814fae2bcc34fc5ddbc722f461bb8adcf0c5ec8ba8c69fc2cd8e6b4e54ccfa9eb361ad437bb79da7af357d25593eeb035c6c517f7495fa54d1eaf369a3fbc2a254fb07317aeef67d64ed832b1f7cd3ad34e8ec62ee64ea73576774b73bb85078e2aa4f7f1dc23796c3763f5ac6377b15cb604732c859bb76a9aea7fb3d9993f3accb6bec48cadf797ad33c41a90b3d22561bbeef7ad634ddeec1bb230355d7a49351db19fbc7918ab33ee6b15dbf8e6b2fc39731decd24f272ca7815a577ac2883e65ebc0c57558c6fa1817774dba48dfdfa5725acc6206f97396f4ae8b50955ee98ff7ab1f599a38e271b4b32f4aca70ba338c9a773e31ff0082827c086b5ba8fc656319f303ac73951d53806be7fb6d156f74e8ee514ed71d2bf47bc6fe1fb7f891e0ebad12e111a1bb42819872a7fc8af8bbc7df086ebe1478a25d2ee13fd15b26ddf1c103d6be1b8830375ed123ecb24c659f233c5bc49e1d5583953f9578ef8fb43686e24e0e319afa6b57d12392165653cfb5701e2bf8650ea6edef5f092846d667dd5167cada80905c3aaab75a823b59370ff6862bdabc4bf0516c5e478f9ddcf4ae4ae3c00d6b2fdd6ce71cd714a514ceea72bb3cfef639106d5fbd8ac592e2482e07d79e2bd56ebc02d2c580a791d6b94d47c0735bdc36e5f94f7c5694dddd8da56673f0dcb4f1ff0016ecfa56be99a5302b21ce0f22ace9fe1178587cbf2e7233debb4f0ef84f7db8665e31552a893b132d3732fc3b6cdf68030d8af40f0b5a82df2fcbc16c9a8f49f0cdbdba83d3d49f4aebbe137c3bbff8cbe318fc3da2c7856e679d87caa075e7e95e8657839579ae53c9cc3170a34dc9b3aefd95be12ddfc6bf891e646a4693a2e2590b0f964cf04027af5afbe7c39a3456de5410aed86d53cb418e805719f043e0de9df023c05068ba6a96652649e66fbeecd82467d335e85a5c4d1c1bbfbdf9d7ea397e0fd8d348fcd3198a75aa39126a12eeb6917fbdd2a5d261f26df8f4cd55bd569ae2383b48793e95b2d682de055f4c0af46ece4e628dd8f38ff00b55cff008a54dabc72afde43904574375b564ee2b3f51b4fb5d8956c77c66aa26323bbf853af36a5e1e8f71cf635d269da9b5beaf0fd6bcefe0dea8ba75d35abf3f31c57a1cd22417cabfc44f15d04bd4ef61d4591158b76cd5cb3d4015dc3d7a62b074fb951046df415ab6b2a2a631d6af424dbd6efd52c76eefc45615a5d7d8df7e58ab5334bd47ed56f839c2f38351dd30656651c039e94429a8e866e4d976de613ea19e70e7d6a5f1a0ce87267238ff0acb6bd57bbb5dbeb4ff89bac2da787d93f898003f4a52dc3a18de1c40626db9fcea6d4dd52558f27d6b1fc1d7ec96fbb9f6e3b569eacdf697555e31cd68a44dac8ccbb75fb5f5e838f7acfb8b7578a466fe21deb5354b6da8adf4e959fa82e23c80dc54f2932d19c6cfe66957586e2366ce7d2b99f8f9f0923f8c1e138fec6abfda566b98b1c6e1c939aebfc431f9b031da7d0715cfe91e296d135511313b5ba13d057062b0b1ab1e567661712e125247c4fe35b1bad07c4175a5ea11fd9efad47cc08c2b0ed8ae52ee552edfecf15f747c7efd9d74df8f1a6a5d5d2a2eab6e3743246428ce31cfe75f0dfc50f08ea5f0b3c5d3695a92348a87e49147cb8edc8e3bd7e6b9b6453a73e6a7b1fa16579c46a2519ee61ea456ea2dbb415ae5f58f0fadc8caa0e0fa574c2e16494aaf3e86a1bc442acbc62be52b61e49ea7d4539292ba390fec3d9f2ec5dbdce2b0fc4ba2c36ad86fbc7dabb9b98762fcbd1ab9ff15f87bed8fb97f8ab1bca26d18d99c15c431ab11f2f15a7a3de797fbb18fc6b513e1f79bb599726b474cf868de21f18e91a1d8c6ef79aa49e5a951909f5f4aeec1e0e78891862f150a31729143c3da55e78d7c4d6ba2d8c6f2de5e4813e51c007bd7df5fb2cfecd965f003c2f248543ea7a810f316f98a1e9c1a9ff0067cfd8ff0049fd9ff485d41a157d6248b0ced86ea39fe75e8b2dc492fe55fa6e4b94c70d0bbdcfcd336cce588969b1663b64fb4aa2fcc3a935796502e36ae3082b2b432c219246fa0356649beca32d9f9866be80f176278ae566d5f1d95ab626ba48a65193d3bd50f0f5bafd99a66fbcdcd4b713c25881bb39c1ab8f6337b8ebc87ed6772ff0f715977772269593b8ad8b6956d2d5bfdaaa338532f4c16ad35412d0ade09956d3c5d1ee623711fcebd37c5d3be957f04983b5c8208e6bca702d35b85d06183af3f88af5cd6b55fb4e8509603795193551bee113a9d1656bcd351b18c806b46d6f1a3217d3d6b3b42d51ae7428fa7000e98ab11deb1606b68dfa132121bcfb16a0d1f3d2ae34c021ebf30cd65ea65975852d8c7ad68956fb21917e6e315473a21d20fdb6ea3dbd10f7ed543e2bff00a4345192df2b0e01a7781b52f3f50d4564eb6e6b3fc57a87f696bde50e98cd43dcd3a17344d3561d3971dc66a692dbcfb95dbb82e3935269b17916abbb35785baac5f2743d6ac8922ade69ea2056c86e05646b70feef701f779c0adbba657b7d8bd8d64ea1feaa4dbe9de816872faa40b7366c71cd703ade92b2caddb07823ad7a04b149e5c807a9ae47c410c96ecc76f53e958c8d29c7a9876fe26bab05fb24ac7cbfe16079aa3e35f811e1ff008e1a0bdbea9fbb91ba4b17faccf6e6ad6a50c7274fcfd6aae9b7777a43b0b63b9f3900d71d4a51969247551a9283ba3e69f8c5fb04f893e1cd84d7fa34d6f73a6dbe5f6be4cacbfe35e0e52660e26866b59518a159463241c57e95278d249615875454fde7cbb7008af33f8ddfb24695f15e392eb4f5115f81e64689f2293c7a57cd66591c26b9a28fa5cbb3da90928cd9f1188895da47d6a8df23175c0cfe15d978a3c0979e0ff154fa3ea0aa9736e48014f6151fc3af85dac7c60f17cda3e851c734d6a034a1ce300f02be31e4f3757911f5dfda90f67ed4e6d678ec2dd1a45df348c238d17a962703f5afb1bf635fd902c7c07a6d9f8dbc441a4d62ed44f0438f9623c76ae63e15ff00c13df52d27c490ea1e3045863b3955d1637241da7238fcabea4b81f6a8a31b563b7854040bc00057d964f94c68eb247c766b9a4abcb953d0c7f125c35dbb6ee133b801fcab02e374b7091c6a7e6fe55a9ad5dfda246907dd5fe954f4ab8fb45d799d978e95f52a27cfb9133c1fd9d1a22f3bb9a6dda34e5635eac0558ba9d623b9b351e8e8d7fa97983ee8e29f298b35ade35d3b4f55fe2c77aa2bfe9176abfde3563549375d003b1a344b5f32e377a1e2a89b3ea589e2f9163eeb505c5b61b9c657a7bd4f3b349a87d2a6b885a79176f5ef43d4adce7b546f2eed58afcdc1e2bd1de55b8f045bcb9f99532735c1f8862f226e7af15d569d7a9a8781248f3cc31f342959932d0ebbc07acade69aaa7385fd6ad6a3ab3413ffb3ed5ccfc36d4b369e59fff005d6a6a37ab6d3967fbb5d117d593ab3fffd9);
INSERT INTO `alumno` (`idalumno`, `dni`, `nombres`, `f_naci`, `correo`, `distrito`, `telef`, `descrip`, `photo`) VALUES
(5, 45855207, 'GUSTAVO TEST', '1989-12-03', 'GUSTAVO.SOBERANES@GMAIL.COM', 'SURQUILLO', '984178740', 'FACEBOOK', 0xffd8ffe000104a46494600010101006000600000ffe100824578696600004d4d002a00000008000187690004000000010000001a00000000000490030002000000140000005090040002000000140000006492910002000000033030000092920002000000033030000000000000323032323a30333a32302031363a32343a313900323032323a30333a32302031363a32343a3139000000ffe1019c687474703a2f2f6e732e61646f62652e636f6d2f7861702f312e302f003c3f787061636b657420626567696e3d27efbbbf272069643d2757354d304d7043656869487a7265537a4e54637a6b633964273f3e0d0a3c783a786d706d65746120786d6c6e733a783d2261646f62653a6e733a6d6574612f223e3c7264663a52444620786d6c6e733a7264663d22687474703a2f2f7777772e77332e6f72672f313939392f30322f32322d7264662d73796e7461782d6e7323223e3c7264663a4465736372697074696f6e207264663a61626f75743d22757569643a66616635626464352d626133642d313164612d616433312d6433336437353138326631622220786d6c6e733a786d703d22687474703a2f2f6e732e61646f62652e636f6d2f7861702f312e302f223e3c786d703a437265617465446174653e323032322d30332d32305431363a32343a31393c2f786d703a437265617465446174653e3c2f7264663a4465736372697074696f6e3e3c2f7264663a5244463e3c2f783a786d706d6574613e0d0a3c3f787061636b657420656e643d2777273f3effdb00430006040506050406060506070706080a100a0a09090a140e0f0c1017141818171416161a1d251f1a1b231c1616202c20232627292a29191f2d302d283025282928ffdb0043010707070a080a130a0a13281a161a2828282828282828282828282828282828282828282828282828282828282828282828282828282828282828282828282828ffc00011080258019003012200021101031101ffc4001f0000010501010101010100000000000000000102030405060708090a0bffc400b5100002010303020403050504040000017d01020300041105122131410613516107227114328191a1082342b1c11552d1f02433627282090a161718191a25262728292a3435363738393a434445464748494a535455565758595a636465666768696a737475767778797a838485868788898a92939495969798999aa2a3a4a5a6a7a8a9aab2b3b4b5b6b7b8b9bac2c3c4c5c6c7c8c9cad2d3d4d5d6d7d8d9dae1e2e3e4e5e6e7e8e9eaf1f2f3f4f5f6f7f8f9faffc4001f0100030101010101010101010000000000000102030405060708090a0bffc400b51100020102040403040705040400010277000102031104052131061241510761711322328108144291a1b1c109233352f0156272d10a162434e125f11718191a262728292a35363738393a434445464748494a535455565758595a636465666768696a737475767778797a82838485868788898a92939495969798999aa2a3a4a5a6a7a8a9aab2b3b4b5b6b7b8b9bac2c3c4c5c6c7c8c9cad2d3d4d5d6d7d8d9dae2e3e4e5e6e7e8e9eaf2f3f4f5f6f7f8f9faffda000c03010002110311003f00f9e40c528a28a90128a296980629d494a2810e14f029a0548bd29800a5c52814ec520129c2928a007014ec520a5a602814ea28c5200069e2a3a729a00928c50296800c52e29714b40098a00a7518a062628a762940a00414e1462945002d18a55a781400c029714fc5211400dc518a7628c5003314629f8a4c5003714629fb68c500478a5db4fc518a006628c5498a36d00478a4c5498a314011e2940a7eda5c5003314629f8a314808f14114fc518a00e6290d2d14c414514b400b4e14805385002814e14829d400e14f14c14e0680168a5a298099a72d0052818a009169d8a6ad3c1a006eda314fa31480414f1480528a063853b14d14f1400014b8a5c52e2801b8a7014b8a701400cc52e29d8a5c5002014f514014e5140098a5c53b14845003714629d8a4a004c5005380a7628023c52e29d8a5c500478a50b4f029c168023db4bb6a50b462802122936d4db68db4010eda31536da4db40c8b1462a5c52628023a4db526da5db401c7d2d252d048a29d8a68a70a00514ea4c53947ad003969d4829d4c6140a28a007034e1cd30528a403c5380a6ad48b4c050294528a31400ea514d14e1400b453b14b8a004c53968c5281400e14fa60eb520a005028c528a7014008052e29d8a5c5003714e0296971400da314fc518a006628c53b14b8a006814ec53b14a0500336d1b6a4c5281400c0b4e029c053b140c662936d49b69714088f146da9314bb681916da4c54a4526da008b6d262a62b49b68022db462a4c5262901c3d3a905385048a053a85a5a00514f5a60a916980a294514e140c28c514ea006d18a5c52e280156a55a880a916801f8a70148bcd3c0a004c53852e28a0055eb4f514c1d69eb400b8a314ea5c5002014f14628c5003c53853053d6801e052d029ca280100a314b8a701400dc518a7e2940a006629714ec52e2801a29cab4a169c2801a45285a7019a762801b8a5029c05281400dc518a7e2976d003314119a7e29718a008f6d1b6a4c52eda00876d26da9b6d1b68195f6d2115636d215a00f3d14f14dc538522470a5a4a76280140a70a414ea603d69c29829eb40c5c52e29714ec5003314a053b146280100a752814b8a0016a5539a8b1522d004a28c5341a7d002629c292945003c53c546b520a005029d8a053d45003714a29c4520a0070a7ad329cb4c0900a7629ab52014804c53b14a053b14c0662942d3c2fad3b18a40478a314f028c53011452e334e029e171400d0b4b8a7e2942d00336d382d3f14a050047b6936e6a5c64d1b68023db4b8a976e6936d0045b695573f95498a40b400cdb4d65cd4c4668db401e6b8a7628a2908053d69b8a70a007014ea414ea0628a750b4b400e534f151548a6801d8a00a514b40800a5c52814ec5031b4b4b8a5c50020a7834da51400fa728a68a7ad30140a7d2018a7500396a55a856a553400fc53714f1462801b8a55a7014aa28100a956998a7a7140120a7a8a45a900a062628c53b14a05301a0518a7e3269d8a04315714f029714e02801b8a7629714e02818dc5382d3b14e0beb4c0605a5db4fc52e28023db4d352e28db4808c2fad262a4a5db4011e290d3cd262803cce940a3ad15221714b4a28a004a914d3714e140122d3b14d5a93140c6629cb4a052e31400e069c29829eb40878a7014829ea298098a29d462818da314e028c500029eb4d029e2802414e029ab520a004c53d45005380a042d28a6d396980e5a7e29ab528a004029c0629545380a007254a066988b52a8a0618a5c53b14e55a621157028c53f19a50beb400cc53b19a76294500376d3945380a7014c04c52e334e033d69e570b400cc518a7a8e2976d2191eda423d2a522908c50045b714114f228c668023db9a5db526da5db401e5429d4014a2a0414e51498a55e2801714b4a053b140c16a4a6e2940a603852d0b4ea04029c2900a70a0072d48b4c514f1c5003a81480f34ea0618a00a762940a004c5380e29714a050020a78a314a05301eb4ea60a70a005c528a5a50298872d48b4d514f02900e14f519a68153462980f514fc52a8a76334008053c50053945300514b4a28a004c52e2814f02800029c050a2a555a004c50453f14e028191aad29a7e28c500478a6b5484526334011e334e029e16976d003319a705a785a7aae6901e454b40a762a004c52e294514c42ad482a35a905003852e29569680014a28c52e2801453d45356a451400a28a5a4a0602a45e4d474f1c5004bde945229cd3c0a6018a7014629c05002014b8a5a7014c04c514ec518a0428a7a8cd30548b400f029cb4829ea2801e8335328a6a0a900cd30245e69f8a60e2a55e698005a314f02931cd02051452e3145000b4f0291477a9145003956a4038a1453c0a062014629f8a5c500371462a4c532818cc5016a5db498f4a40478c9e29eab4e55c53c0a0066da7629d8a7a8a00f1b029d40a5c540828c52d28a006a8e69f462971400abc1a92a314f1400ea5140a5c5031569eb4da514c07d2519a75002514ec518a007a54ab508a914d004a29ea2a35a956988314f028514ec500348a00a93149b6801a053ba52e2822980e4a9d2a04a9d280265152a8a64753014c4262a45e2900a7e2801cbc8a5348b46698053d57bd0a2a4c71480662a451480735285a060a2a4029a0548b400a053b14a05382fad004669556a4db4628023614bb714fc7a5380a60300c1a7633d29e1452aad00300c1a7819a76da50076a00f1514e15183522d6402e29d494e0280129d45380a004a70a314b8a00514f14ca7ad301d8a00a5a5028000294514940c7814ec522d3875a600053b14b8a5c5002a54a8698053d681132d3d45356a4514c0319a314fc52e280198a5c53b14b8a0431454aa2902d48ab4c0963a996a24152ad301e053a9054871fc3400d14e02851cd3f14002d48a334cc54894863b15228a451935228a603714f029715222fad002aae29d8a701c734940098a50b9a7814e51400cc7a5285a9029a31ed4c062a8a705c0a5c7a52a8c5003718eb40a7609a307b500788014e5a00a5ac4051c9a9074a8c71522d0038528a169c05002e280295453a9809b68c629d4b8a00169d48296818bda8c53969d8a60345396900a5140120a7629ab5253102d4918a68152a0a007ad48b51f4a7ad004829e05356a45e69884c5285a9153afd2ba0f0cf856f75c7dd1ed86d870d338e3e8077346c073cab9c71d6af5be9f717570f159c324c549e11726bd5b49f8536ff0069864b9be9de1460cc5502eef61c9af42b3b4d3f48b516da4592471af0768fbc7dcf73ef4b98763e7a87c29aebe0ae95798e99688a8fd69b7ba06ab631992eec668d07562b903f115eff001f9b797252299d150fef197851edee6b5a2b0b7f2c858d36f766e7347301f2c2839e0669e2bdc3c57e09d1a582e25b5d96b7127f1afddcfd2bc9eff41bcb6604aab03dc11f3738c8aa4232d453f15bf1f85751160d78c8a902fde690e36ff938fceb0d90ab10dd45031839a7a0a14548a2900f514f03348a29ea38cd301cab532ad31454aa280108cd2639a936d2639a600bcd3c0a15714f028001d2929718a502801a0528029e0d201400d228e94fc50173401e1f8a08a55e694d6203714a0e2971475a007ad482a25a954d301e0528e2814e02800c53b1452e2818d22814ec5262980a2a41c8a8e9eb400e02971494fed400d0314f5a69a72d3112ad4c82a14ab09400e228039a76334b8a6002a54f7a646849ae8bc2da149ab5d3151ba28b058e3827b0a042787b47b9d56f63b78108dfcbbe3eead7b868b62b6c96d616ca3685e3fd91fe359fa35bc1a5c696910453b32c4753f535b9e172374933f2c4045f6ff3c5269826747200918897d319f6ff00ebd529e1924db1c44a29e060741dcd5acf9b2f5f7ab70e15bcc239e8b48a1b6b6d15940aa5461470bd7f13ef55a7d481dd8c63a00054d78e5a32aa72ec703eb585ab06b3b591b3b5b192dfdd1edef5222d3db5b5d36fb88d4a8fe13fe78a61b3b69e40a9085118c0c547a1b1b98d59d485232326b66cd41998e00218d3b858c2d7acda5d1aeedd5586e52abb477ed5e0fa958ddd95d182ee37565e9b87515f4cddc5e64a131f2118fad626b5e1bb6d46148e6003ab6edc07deaa4c0f9f228cb6ece460134aa2bd3f52f052c70f956b85474608c4f3bfb0f7ce2b80bbd2af2ca464b98190a8cf229814b1c53d46681cd3d45301ca2a58c5354715228c5301dda902d2d48a28011569c4629c062918500348a4e94b4609a0051c9a7e291453f1eb400c02909c74a713e94c3e9401e1eb4fed4da72d62018a31cd3a8c50020a7ad252814c0956a4151ad48b400b8a5029452d0312948a29d8a60478a5a7518a0055a916a3a729a621e452a8a179a7818a0072d48b518152af14c0994f14f519a892ac2734089ada3324ca8a324f02bd3bc3b30d334a8a141f391b9f1ebfe4d79b5832c7751b1fe1606bd4b40b196598cb34656365c020f5e6a65514371a8392d0b9f6a0f324cbc865201cd6d68b7462802672ec6b3a1d1d7cf7584eddbce18f4fa56b59e98d1ce377d703ad5aab192d04a9b8b3a7826cc658fde3daaf4721dc7a7cab9c7bd7296da8a090a9ce41c118ed8ad85bad84e5ba649fcaa5946cc51859e304e762e3f13d4d47a8dac77436b8054fdecd2c92af9224cf39cf1df8aa925de4c98eb8045480dd2edc432845fba8bb467d6b45401396cf18e6a958ce0ef7e325b8a7473066ebc1a00d13f75a4ee4616ab444c920f6ea694333af3d0f031535bc6122383973d7da802bdc402552300e0e46474acbf116891eaba6c909dab230f958ae706b7d403851d4d3e58871b79c51703c46efc0ba84774eb046be5291b6466fbdfe1597a8f85f54d3e1134d6e5a3cf253e6c7d6bddeea3dca40c03d01c54221fdde76fb10075aae6623e79da5588604107041ed4a0735eadaf782ecaf26925b5c5bccff0036376149fa579eeada2de69520177090a7eeb8e54fe3549819ea2a41c535453c0a602d2375a5c7149400d229540a760519c5002371413431a6f6a042134def4a6945007896297a5028ac46029e2994e1400b4e02814e514c072d3b38a45a5340c7ab6696a2ce2a4534089053a98a69f4c6262971c52d2e298865029f8a4c5002a9a956a21522d004aa2a40b9a64753a8a602a8ab5636f2dddc2436e85e463800540aa49014649e2bd33c15a52d8468f220333f2cc7b7b5635eb2a51bf535a345d57e46a7837c216d63b26be559ae7afcc3e54fa7f8d77eb1c3b028007d2b36de4009e3be33575383f2f2735e4cab393bb6767b3b68874b60924892a92b229e08a8aea39f1bb3c8eeb57118b12338a9edd3271fd2a6356517a09c55b5391b88a547dc07cefdff000ad1b1bb322856eac841cfaf5adbbbb159413b707e95ccdc4325accd90d8cf3ed5df4b13d24632a57d8e963badd676ff003671f2b7f2aacd2482318ce776dcff009f7ac7d2eef2af039f989cafb9adf502455c0ce48cd74a927aa307169ea2432ec25b38440777e75359ccb3cecaa7e5e87e955ee488d49c643e4fe94dd2479658672c3154988de9ae556409191b8fcaa31d2ac452848895e7b66b9f76db72d93b9b76dff1ad28dff7623e79228b88d00fb5779ff24d59b79731a8cf2deb54eec80a8a3bf34f8ce1a47ecab8148095a3cb6073ce07b9a8e66110f9bef7f2a1ae3cb88b310081807dcf4a8a480ba8e4e3193ef4d303135ab517f13a96c0c1dbb7820fad79d6bdf6d8ad521bc98bc5bb28181ddfaff8d7abf961149db93deb97f16e80fa9a2cd0484320c6c0320d5c59363cc00c734ece69f344f148d1ba956538208e94dc62ac62629b8e69c78a4ea6801d8a43c52b7151b1cd00068148452e38a0436940a314a38eb401e1ea69d4c14f53588c5a5140eb4a2801cb52a8a8c0a954e2980639a5c53bad2914c6446954d291498a404ab4f15129a914d3024a5a68a7ad310628c53a971400cc52a8a7528e2980f438ab31d555eb5d57837475d42e84d70336f19fbbfde35139aa71e69150839be545df09e86f7122ddce87cb5e501efef5e91a7400ed5dbf8511c488888aa07d2b62ce10179e5abc4af59d595d9eb420a942c89e28c0194e829c8e55f70e46318cd2819ced1d39fad34f03818ae7122f5afcfcf535ad6f1ecfbc39acfd39700035a7952bd4d6f4d7566337ad8b007154350b15b81900022acab6470723eb4e53df3d2b576641ca5ce94d1c81d01054f07d2ae42ec00320c483afa1adf740fd2a8dc599e48fc062aa352516292e6dca126e675c0f94114eb7611dd2ee18dcd8a99a37f2d801cf7150dc03e5971d42f3f9ff00faebba1539918389211fe98e7a61f1f9ff0091572dd89ba9338fddae6b35e756932782ca1b8a7c93ec9276046e31e0ff008d69722c6da4fe7ac678c91815695956ddcb1039ae37c3faa99a528e7eeb05ae999fcd8767f78e0fb534eeae26acecc8ee01b8878e9bc37e4735a4b263cd1c12074fa0aa88e86d778ec49e7d8e282e15ddfb3027eb40892360c8cdc63381f853248b95ed9ec2996f9f26341cfa9ab2581e9ce06334d30316ff0041b09a492e1ede32db096c8ebfe35e477c852ea505769dc78f4af702db8333700722bcc7c79a7fd97509665da1646edc7e95a4588e49ba520a0b537e95402939a43494bdb3400e1f77de940a6ad3c714008462931934ec67a528e0d00784034f538a8c5396b20250734f15103520340120a75314d3e8024534fa894d48a698c08a69a93ad348a04475229a6e2905032c29a956abab54e869889314528e697140001c518a5a7014c08a77f2a166e320719f5af4df043a2d940b1f215464fa9af2ed4b02ce4639f97e6aec7e1aea1f68b393041f2dbd6b8b18af13af06ed33d4a16e72dc735b964ea57d4d79fb788a0866f2a670307f3f4adad37c4763e69459919fa601e95e4b8b3d196a8ed02ab2e57a77a58e3cf38e319accd3efa27fbae08273806ba0b5549105091cf27ca2c5fbb5dc07415611f20f4231d286b7db8e78a63109d2b4d8c77274daa8157803b0a7abe38aae8c59bfc6a4dbf377a4a4fa012ab9cd49f7c720d46a0f18eb5270af9e4e3afa56b083626cadb54138041f73542e09898afaf426b4aea55046e40a0f4c8aa5726365e1b1f8f07f3aeb8a71316ce6f519da091587c801e54f6aab79a9c9030072518100fa835ad790c372a639b2a718073907f1aa02da02be44a49c1c8c8e45536d0d5ba99fa6ddf977d0ba8c6f6dc703af6e7f5aec34bd43cdb89d01ced931cffc07fc6b967b74b5b8524653b1f5f5ab1a7dc94d56e231c20224ebdb8ab84ada314e37d51d669f2abcf3c5b81037275e878ff1ab713aba8590fcd8603e808cd605bdc6cba132e0c722960474ce453adefb7c4f70c4058df9e7b6707fa1adae65637e37f2e0283efa8c714e8e5c5ae0752719f7ac79af0477a0861875ce47b55e8e7064118fba83771ea681171a338001e3bd703f1249516e1880a7be2bd02ddf7a37738e2b86f892505a400c88ac49201192d571dc4cf386e1a8a8cb734e535a08791de940a0734e14000e29339a3bd2a8a0078e29d8cd22d3be9486782014e1494b5980bd29cb4ca72d004ab5203508352a5003d69eb4d029c298c7034139a6d2e68003494b4628005a990d44b5225302ca53ea28cd4b4c428a70a4152c113cd2ac71a33bb1c0551926901cef89af2e6284a8236310b80bcd7a67c2bf0d5e47e1b96ee58d91a76de108fe1ae87c1ff0abedd2c379e205251583a5b01dff00da3fd2bdaed347820b711aa2aa8000503815e6626b29fbb03b682f66f999f2c78b34cbc174c63561cf03d2b9f8bed96ec59c3673fc5d01f5afa33e23787a38ad1eea08f181f363f9d7835dcf8ba0926e60cdb55506589fa573c6a3d8eb74e335ce989a3f8c751d2efe3136f78870771e715ec1e18f1cc773736ead215ca962ae304f7ae1ad7c2563ab42bb0b24b8019245dacbf5ef56e1f07dc69ae8d6d3f28d90b9c7e5deafda425bee47b29ad1ea8fa074bbc8afed23746527193839a74d1e0fd6bc9bc3daade68f39c23ec3cb21cf1f8771f4af49d3359b7d42318601fa919a534ad73171712f4433c9e9daa6c8078e2a2040e9c8a70707a9e6b052b324995f3e98a8e5b8201e0903af1d68fa54530ddc76ae98d4d34332bdccc443b8fcbcfae4d674cc1d49794f3ce1855b9a3c649e71ce6a84d1bc8df3720f3d78ad14ee5248cd91d268dbecd2307ec48208fce9ad2feec0762245feef38ab373193f2a8db8f6acfb946550ac03bb0eb8c557322b96e22dc31f9b71201ca9c707d8d430dc22dd4ec39dea548f4e4629ccde5c7b5d8071c8e6b3e5252e44a4054c1dc075e6a94ba92e26e5a5eac36e60eabc9424f4aada7de1fb0de40c01cb640cf50700d664873b70d95e9baaa4a5a250413dfbf5aaf69661ecf435a1d60c9748246cec88a939f5c0cff002aecf4b7f31e462d90c0026bc72e19d6ea268ce22241620f4c1cff0085765a16b0eeaa8e70a8d8273d7d056d097318ce1ca7a2c13aa318d4e5dc73ec3d6bcd3e22cacfad01d5420239e95db07666f321fe3dab5ce7c46d3bf78979180576843f9d6d0dcc99e7cc39a729a565c520ad043d5b14fce6a2a7a9a00900fce9c2a353526690c91451de85a00a00f05a5cd2515980eeb4b4d14e1400b52c66a214f5a00b2b4fa890d499a630c5252f5a3340082a41d2a2cd489cd00281cd3c514a2988912a55a896bbdf85ba15b6a9a9b4d7aa1e3848da87904fa9a8a951538b932e1073959199e1cf076b1aeb29b3b565809ff5d2fcabff00d7fc2bdabc13f0fecf4201e4c5c5e9fbd311d3d97d2bb3d36de3112840022f181c55bfb446926de001d2bcea95e5516ba23a610517a12242b12808b8a5724014ff003378e39a63918c9eb593f228e73c6521fec9954ae770db8eb5f30fc46b73bbccb1445b78c12cea086ddd857d3de2021ed9d53aa82457886a7608da94f61771ab452fcea1b8dc3d8fa8351095a5cc75518f3c1c4a7f0bf5a9aef48893c46af1c1bfcab7d43f891bd09ee2bd31e20b30b3bfda26237452a8f9275f51efea2a85b5959ffc23cba62db88add542954c640fc78c93deb256edadad62b5bd177258127cb9b6316b6618c3e71d3900d6956119ae68930f6907cb23a9162af88e442547438abf65a7a5b4cb2852a71827b30fafad66689a8bc988a6656953a3a9f9641ea2baab3f9ba6e39e73915cf19e961d54e258493ee8ce47ae7afff005ea619209cd1e42ef0c31ed52ed0abce3150ce7d023930bf30e69cc411915013861530c107355193d88947a90489b8f23be4d559e3f98119abadc9cff2a8a61903f335bc5908cd950f999dbf4acf9949cfca4fd6b6e65fddfbe39e3a566dda32c0c23c16e99f4ad0d22cc0d45363001b3c67a551ded1ae7bb7bf5ad3bf8f2dcb6495cf1d73fe7f95663c6f227ca84e3d462aa26bd0863976e490d8c7cca4e6a465568d080b86ce54fa71fe354d533cbe0374503bd4f2c6ed6ea0863b406040e9edfcab7e862dea62eaf0b0ddb137153b8af4e2acf85eebed0f823ca48db1cf43ea7f2ab13584b32c6c73b5b807a1f4accb685ad849082cacc4e0f43ee08fceae09a66751a68f49b3d5e2998adb12db08193d39a97c44d2dcda476e8bbd8f45ae47c3d72d1491c3851939551f9f35d0dc5dac769713962194152d8f51daba2273b382b8431c8e0f382466a21562e65f3a52fc0dddaa20bcf35a886e28ce29cded4de9400e5a941a8453c74a432753da9ea2a24a994fa5007805385460d3b35980ecd3d6a215225003e9c2814ec5003d6a4151a0a78a631f9e29b494ea0043d69eb51f7a9145004829ea298b522d310f515d97c39d60699a9b24870928c7d0d71ebee715734b99edee9a47b096e2168644528db4ac854ed6ce3b1c1f7e958d751941a66b464e334d23df2c3c71676b72b6d77711a173f2ee700d7710c69a8db79b6ec09233807ad7cdba67f69ebda3450ae9024d8584f306cb4e724a900f4001c715d6fc3df15de683aaa691a92482d1ce20763964f553fd2bc9b28e8f53d170e75cd147b159cd2dbcbb24394f7ed57aea6555ebd6b26f6ee22a25460411c73556eaf09755cf4519acf99a5633e56c6de49be420f43d6b0efb40b7d49544c9f32f28c3aad6daaef396e86addbc58c0c73eb525a972ec73767a15d5a8015c4a9e8c2b5ec34af9c1917198d9180e854f635bd0c7c0e956e1b7ddd2ae09df42675652dcf3a9fc332d85fe6d866dd8e401fc3ed5d0e971baaae41fc4575525b065f980e2aabdaaab714a549a77413ad29ab48aca9e9d291c02a41fcaa66181db350ca7079a86648ad2e178a124c8c3715097df230da400700fad30b12dc5096a392d0b40861ea3d6a2e41c9e951bbb29f97a7a54667666c3e2b68b321d373f302700f391556504ab7506ace02f4f9bfa5324393b72411eb5a464527d8c8bc84365b8de3dba5615de4484478033ca9f4ae9675eae49e3b7ad615cc1fe90091d7a9f41eb5ac19a27a1460884cc77a12570cd8fceb56d63536f3464e4329d8c0f53ce2abac661ba912d890acb924f53d055f86158e111c8770eabeb8c74ae889cf3664043f66059983c640c03eb9c556b9b32e3692092a0e71c8ab57598a25709f2c8c141f71c7f3ab9a6c71dd3b96fe2628bc7fb26b78ea652663dac12992311a85fef3938c54fae5d449662d2ddc37cd99187734cd4a49228460e18139ed902b0e495a5396249f735ac5198da776a4a7ad50c69a61193523734d22810ce94f53498cd03da80255ebc54ca702a01c5481a819e003ad3c1a6679a5535980fa7a9c53334f5a064aa6a51cd42b52a9a00916969052e698833cd3b34cc5140c929eb51a9a954d003d69e298b4f14c46f78334fb7d5f5f86cae9b6c6c09cf7cd773ad69f71616b3db6971eddabfeb31f76bce74dfb6e977706a4617168e0c624f7ed8aef7c3be2232329b894c90b8db2027b74af3314df3f91ea6169ae4f30f00eb1f62ba58833ee8ce1dca1218e79af46d6fc3b6baf44b7b67b23bb0720e3863effe35c9cfa5da5b49e6a1f2ad9b0c24538efcd74de14d4e3599ada22cd1ee00173d2b95be65745c9b83e68ee87d969da9aec5bf789638f9c46725ab46153248589cd6a5eb7ca40eaddeab421533c77ed588bdab92bb278d7e5e46454eadb5810083d29aa3d7153200d92293664cb56d2818cfa7157629c83c71eb59c8bf5f6a7c67e6279e6ae13689353cc1c9c9c9ebcd412b7d6a257c77a6c8e48ebf8d68e77422199b039381f5aaf2bf5cf7a964395ec4f6a83692371fa560ca45491b278e05461cf41f852dc9e062ab3385c73dbf3aa40f5275077649fd6a75193ebdbd2ab5aa4b3b7ca3e5f5c54f7904f6d11923c337a5526887077b0d9d719c77aaccdf3608c5645cdc6b7237ee6d63ff00bef35596ff0051b76ff8985ab46338debc8a398d5519246bcc411b5b18aaaf1a97e40c15e307a1a8daed0fcd9c93ce6a58d84855b1919e4f5ade9bd48926911a40a9758193950549feb4f92e634c2b327c9d493dc119ff003ed5309238bf79392157a313c53441a75faef0f1c8c47cdcfe75d716fa1835dce7b549e0994471c81c2be700f4073fad36c6f8dad86e95b698d89427b927ff00af56f53b3b5d3da49060211d07735ca5ddcb4f21c642765f4ae9a49eecc676e84b7f7cf7722b371815594d474e5adc827038a05315bd69e0d0317a5276a5eb450026334b8c52ad14085cd283ed498e281cd007819a01a0d1598c729a914d4229ea68193a9a7835129a783401329a78a894d3f34c43b3499a4145031e0d48a6a25a916988994d4d0ec1229949099f9be9502d3a601a26049031d4527b6835bea7af6953dbde69090b4292dbb0c6c3c8c557d57c1d6ef6ef71e1f91632065add89c1fa7a7f2af3df877e277b6bcfb25c64c2c7e424f4af68d395645f36d9c039f4af2a6f965cb23db84d4e1cc8e6fc3fa947a8f87e4d3af772dec2d9dae3938ed52595dad838988732c8c4aa9240c8156fc4fa04d24eba85a22c777190494e038f7f7aaf676bfda4cbe6fcaeadb150f5e7ad60d25b6c296baa3d2f44b937da7c72b2b74c73d4e3bd5f8d547e355748b7fb3d9449c01b0640ec6ad91b71c63fad62dea72fa13aae383eb4fc633ce3bf14d0c0f715264739e9d2a49b8e9095c6debd3da98642ac0104679cf6a198104678f4a877f507934c45af3463ad33cc25b07a7d6aa16cf6c64d3d18e0e7b7b531d8b4c7a63150dc48aa857bf4c54325e468c5410428c93e955659f3feb0f246e18a2c09114d30f9b1925ba5476d6ed236e6cd3d212f22b3fde3fa56b5a46aec17818eb5127ad8d55a2867da56d62db8aa97379e7e234ea464f3d2a0f154e6d1e38e24690b1c3e07dd06a1b34b9b7b69b318689b0c1bb823a1a12bbb32a30b4798a10497af72e8d238453f2ed3b715b17977f63b64fb791246d850e4608cfad1a06ab6b7ce03a6d9b3b581f5acef8891cf3b5a5ad88c79b32ab9ecaa39fe95517b9b34e75145ab19b7b6c21bb6f23ee67701d87b558827589064609e31daaa5f4a3ed13739da7031ed5937576c300753c0ad62da7a194a3d19d13345708c1c6548f5ac89ac6cf4fb8fb634ac100caa838c9a86e2f974cb550e77cce325335cd5d5dcb77299266249e83b0af4e8d0e6f7a479f3aad36a25cd57509350b8dcdc46bc2ad530322a35352af22bb9180d231494e7a45a000714e534940a044b9a514ded4a0d00394d3a9ab5201e940028f5a5db41069d8a00f9fe93bd2034eacca12941a292802643522d40a6a456e28026cd381a8d69f4c07a9e69d518a7ad003d69c0d228a5e3d47e7401229ab76f69f6904b65631c658753e9540b63680c06e38ce6b73486f3e68e2462c01cb60f07dab1ad3715a1ad18294acc658f822f551ef6c89063f9821ee3eb5e93e13d51d6058ae815751deb5fc313c2d6ff006528738da3d3f1a6de68ca598c38054f38ed5e4559b97c47ad4a3185d23a18675b8b6ea082315474fb7106ad2cb8180476e09aa3672bc1184638ec6a5b5ba4b8b874dffbce178e31c9e6b2571c92476116a08372ff000aae58e7bd28d4d0ceb0b38f35465bdbfce4572cf214ba58db2564019b1d091ffeaa64f75bf506b88e3e5d701588c64703f2aa491cee99da8ba51c16c13d39a72cc59015391eb9eb5c35bdc942924d2bb9c7af5f6f6e6b4ecefe49a4dec55220b85453c81dcff4a5617b3b1d2a4a5b82c09c71f4a5f35770cb616b98bbd4a462ad1a615461467963d3f2a86de4b9b8591e6900dc480ab9040fad3b07b36ce9e4ba88e76b8dc3be6a9ddde48aaa0ca46ee8a075feb58d6eeb6fbc27cf2e73963d4fb77a9cde0b285e497e6723b75a2c57258952368e3dd7320540dbf6e3a9cf535663b9fb55c6d890796572c58f35cecf7f2cd6d210c09660c49e8067200f7adcd0a375b30f201bdba7d289688a71eacd5f3047f779edf4ac5f116bf7da308becba7cb71bcfef26032b1fb7d6ba2b4b7504349f51523cc8a1a16da85ce46e1c1acacf712924f5572b787aebfb6a1633c60cac3713e95d2db450a5ab433804018fa8ac592485635cc71abe3ef20c547757f0c4aa2469262c38456c9fd2ae33b7425ae67eea39e8f4b5b5d79ae6d6461688e59d98f03db3505f6a9e6dcbdd1ce1b22153dc776fa55fd565dd6fbefc082d87296aa797ff007ab90b8bb32caf2b9e5b818ec3d05115adce87376bbdc74d364923a75acc96e82cbe675d9f747a9a8ef2ef20aa706b3f24d7a185c3f33e696c70d7adcaacb7249646964679096663924d37a518a319af54e0053cd4ca6a1c53d4e280253494668ed400502968c50019a729a6d28a00952a65150c7cd4ca6810f349d6968a00f9ee941a4a2b3287518a052e68109d29ca6986945032743528aaca69c65e383814c0b1d3ad324b90bc27ccd55dd9a43c702850074e6908b00bbf323f1e952a055fbabf8d40bc0f9bad286f534011ea9be4b5c45f781cf157b41bf3e615f336ec0b8c0c76aa4f2003071fe3542390d9c8f2467e56e0e0e31d6a271e645465caee7afe87ae1b795433809b7ef16e54773f5ae860f104b2b391bc46ec4063dc0eff00a578a69babba2049782c065cfe7fcaba9d2f5d8e262031f29232a067393deb82740ee857bee76d2eb4d74124c04573b540391d7a556d0e491af11c390f31c927ea063f90ae534dbe4dd046ce1555b763dc7bfe35bf61a92ab5bcc4824ee603d00231fcab294397446d1a8a47637b79bae6df6b1501c2707bf73fa5337bb4c8ae4a45bb713dc8f4e2b937be32dea241214557019b3c124568adf2c723cb236e60f9c9e800ee2b271b1a268e8ee26409220f93e501bd403dbffd557e02b1daa95c096418e38000fe82b92b1c49746695888376e60c79cfa55ad4b5877b3c424a89010a07607807fad4b4f643d0d6fb7290cd010cc0fc9e99f51ea7deae3ddb2da8552a8768de5b9e7b5731611aa22a34a5db05876181fcea592ed64da8ac01521bdcf1ff00d7fd29f28f43556ed2262f12bcaedf282dfc47b9a8afa40c273390ec0a8201c0cfa567dc6b11dbdc48084462bb0293d074e2b164bd9dfce8dbf78b27431fff00aaad444d9d425c89c431ab03b9b6803923debb7b1658e34527e55007e55e71e1049242d25ca11b0e573d6bae92ef11707158d4dec5a873227d63c4cd67a946a63630818dc3b56e58ebfa6ea16e1249114e3f8b835c0ea0fe6f2df33557861dbf33281e9525ba106923d1e6b8d2a15632dd065ea143564de7896cad6222c2105b1f788c62b8f9250a33c002b32f6e3774e95518b7b10e1182d59a3aa6b12ddcbbe56c93d0566cb72ce060d530d4eeb5e950c27599e7d6c4f488fc9279a70e2a3a5af41249591c2db6eec9873cd2e2a356a901aa00c52d1413400eed4ab4c078a01a0094734ec5354d499a043314aa3bd3c0a31c503101c53d5a9868c5022ca734fe950a1a941a433e7aa5140a5e950028a29b4670327a5031f8a6b3aaae49ff00ebd42d267a9c2fa7ad357e73b9f38ec28113292fcb70bd85387279e298cf8eb40e396fca80251d38a03007a669824e69172cc714013eecf4e69b249b179e5bd2919820c2fdea89beee49e4d00357ae5e9ee46cc151b6a2ce073d0546d999bbac74c452ba2ab270c4a961f402acc172d1b1d8d950a3814979e5a5b956fc2b3ed64dace092370c03d2a248a46ddbddb35c6031dc573c0ce0fd2b56d3529701b91b7e5e4e0562db46164c46e5771c2b038c71d6b53c811b2401836ec738f6ac6491a46eb63a4d26f4b79ac4614b0e4f63915a96f758bc81df70f9ce79e319ae62dd8c6b24518f9f39e0e73c55b8ee98c8acac0b019009ea7bd72ca2ae75c26d23a56d4cac92e5731b364f6edcff004a6ea17e44d18c1d8a7183c74e45623c8be7ab9076bf3d73db91555ef0899a3640e0f2147aff009152a05ba9dce92e35b0228bcaddba3055971c11ef595737b7113a4cacc189c11d700faf35460372d3e6ceddc93cfdd3c7e26b563d2f50b95513c8a8bc654b1a7a445ef4c6db5efda548965791d8e4e3923a7e15a7a70984cb1db20e48ce48ce3eb57b4bd192dc6e6605f39f9462b76cad5236ca2004f538e6b19d45d0e9a749f534ad2516f008f9e9dfad2f9ef31c2934476ed20e87f2ad182cfca5c91cfbd72b3a744544830b97e587355a67f5ad2b8603e518358b7cfc900d38abb13958a7772e4e0567c8d96a92ea40bc0eb5581af5709457c4cf2b1559b7ca8916a407151ad3c5779c22f7a5cd2519a60381a914d4229ea78a009a86a6834b400d26941a4229568025534f5350ad480e29813e68351ab5499140094ab4ca7ad0048b52a902a214678a40780038a75479a576dabef503066c75a82693231dbbd4724bb727bd46a48e5bbf340899467ef1e3d2a4de00f53daaa97f4eb53c6bb47cc79a404abc72d8cd3c9cf6a8b25b15247c0a6020426a4c951c539578cd22afad0020538dcdd2a090e4e6a4b86dabc1a823cedcfeb400302dc9e05207eb8e3de92527d78aab712e10814015ee5fcd971d854439718e83a526700fa9a9ec937cea0f4ce6a5bea34686ff0029955860e3b77e2b56362ebf22fcdd41cf4aa90dafda2e4679ad986cd931c1fae2b967346f083191c33cea37285914f0c1b06addae9921dde6b00c40e73562184ad5d8d18f404d62e5d8de30ee32df4c05bf7b3330ebc0ff001ad6b6b6b746385dc7a92dcd43040e7a8ad6b3b0673c839ace52eece8843b2161038dab8f61c568dbdb34bdb03dc559b2d2999810a7afa56fda690c31b801ebcd612923a12ee6759d812413923b56cdad8e003802b42d6c4460679e7d6aeec48d7017e99acdbb8f9ada22a4708894e48071db9350dc3edebc7d4d4f73205e847a5655c49e6360735235dd95aea42c70b59d70b88f38e7ad69cd11f2f2071593a84852de43e80d6f4a377632ab2b2b9832c9be563ef4e5aad1b7ad4ca6bdc8a5156478b27cceec9c1a766a3534e07d6a8924068229a29d40052834868a00786a7ab66a0069e0d30253ed40a6a9cf5a7e6801c0d2d369dd2801d9c52e7351934a0f340130a957a542952ad003f341a4141e6803e7b9240bf5a8a793dfa532538da0fae4d4133e49c77acc019b7b0fccd2b37200e4d445b1803ad4f0a60671f377a009234c0f56a978faff4a6f41ce41a551400f5e7be2a6887150918a991b8028026cd2e7239a63103a52a93b680209c6eeb51ff000fa62a6979351498db8ef4c0ace49aa331e4d6ac30fcb9c1fc6b3ee2228cc29302a9fba2aee943f7e33ef5542129562c494914e7183532d8a5b9d3e9a9b66dd5d7e9f6e25019876e2b1748b61385318dd919e2bb9d274b6310ddc5797567a9e9d086976578f4c8d8123157adf4b031b57e9c56e5bd9246173c9efef57a1891707001ed5cee6ceb514655be9259410a0fd6b6ad74d0b82171f855980127a62afdb8f9724f0077a87260456f0044015471dcd5e46c8ca8038f4a6a3718032477a9562c8c0f4eb412df71a5b81839a82790ee3cd4ee831f28c62ab4884e7d69d8158cf937c926077ab56f69c65864fa62ad5ada9df935a4b16d5c6303ae68d852999525b028770e7f95729ae5b1586603a1538aee6e5474ede9591a8db09518119ddeb5a427caee435ccac7962b54f1b5477d11b3d4e6b47e197e65ff00694d0a715eec64a4ae8f1e49c5d99641a78355d5aa5534c44c0d3f39a8969f9a621f45301a7e68013140a5c51d2801cad4f06a2a78e28025069d9cd439e6a406980ea5a297b5201ca715229a8969e29812a1c9a79a881a5073401f36c8db8e6a266e493f4148c72c69634dcd96e9598c9a08fa3b71e95641feef02a3519ebf953c35021e3d4f34ecf7a629cf14f03d680154e4548a71f853540cf14ad400f5e7ad3f383ed510f6e94b9f5a00731e3d2aab1cb601c8cd4b29201f4a8e35ca1ddd6802ca1dbc1a8ee63574a4ec29ea41e0d005286150db5bbf229e2108d907834b2a107078c720d0b2ef186ebd4fbd219d4f84b5b8f4f9b65cae626efdd6bd674bb886e20592da4575232306be7ffa569697ac5e69b26eb499d3db3c1fc2b96be1954d63a33ae8629d35cb2d8fa0623935761427005794693f1199405beb60deac87fa5757a7f8f7499768694467d1f8af36787a91dd1e8c2bd39ecceea2503838abd1aeee2b9bb1f12e9d738293c4dfeeb83fd6b72d35281fa961f856566b729ed745f8e3c718033daad471e071505bcb6eccafe6118ed5a51f92d8c3827eb548c26d95c41bfaf4a41663afa7b55f1e58fe2191433a01f78517214d95638420f5a564e39a90ba741f5a6c934518f9c803d49a43bb2092052dc9aab710af278a8ef7c45a4da29fb45fdb46476320cfe55ccea9f10344846209dee1fd2243fcce2ae34e72d9073a8fc4ce6be255988d20d421c092de400e07de53c11fc8d6142e2440c2a1f1578a9b58904690f95006c952725aabd8dd466409d3774e7a1f4af5f0b19421691c3889c653bc4d3152a1a82a4535d26058534e06a1069c0d004b9a72d46bd6a45a621f9a5a41cd3fb5002526734a68c50014f534d6142714016296a3534f1400b4e0690f4a4e940126714a29a3a519a00f9b910c8dc55858c2fdefca9b0708074a97683f5a800514e03d69a054a3a0cd00228c53f34a00c71d29b9c5003812334acd9c7ad3093bb8a3afad00480e08cf4f4a56e2a356c100d2b1e38a00639cd2c678c5372338ed4e518c0a00703853918a631ee2a4edc9a8d96900e122c9f2b62a1921e73d47a8a46503a0e0f434a8c41a0622c850e0f35321561c1c67f0a8c9c938029aabe87ad005821874e9de8dcc3b5420b0e991cf6a92369bb0dc28027590ae3939ed572df52bb87fd55c4c9e9b5c8aa6be694c18d7ae79a9d548ea89cfbd204dad8d7b5f14eb50711ea776bebfbd27f9d6a5bf8fbc430f4d5263f500ff004ae606dc6768cfae6a4fdd7f0f1f8e6a5d383dd17ed27dceb47c45f1211f36a671ff005cd3fc29cdf117c46ebff2136033da3507f95722be49247afbd4aa605ee493df34bd943f9507b49f73a09bc6bafcbf7b55bac1feebedfe559771ac5e5d93f69bab89b3d77b93fceab0780638279e99a7f9aa30563c5528a5b213949eec6accec4ed06a4579412180c9f5ed51f9e73f28c6474a6bb9e0d5124df3924960a7d2ad5b168e40ece004ef9eb596d23b1c9271deae5acbfc046722988ed95c344ac3b8cd3d48358f63745e0dac7e6538ab91cdcd302fe7d29ca6aba499a915a98cb0a6a4535029a95698132d4bdaa153520a04380cd2629ebcd0450034f4a4e94ea6e39a00916a4cd44b4e140125252038a5cd00283c521349466803e7a0beb52c63d4d317a53978c540126def4e5f714d04914a1a8017383ed41e3ad190475a4dd8eb400a3d33499038a6a9e7b8a5268017a9e68271c76a66727a7e54e24914800900d2a8cf4e6986a4438518ee6818e23a51e80f4a01e4e2838f4a0444c76b7b7a5308cfd2a561919a8f04707f0a06280a1b9e45480aaf400fbd4200269df4a00955bd4014e5623a1a68008e6954e0600a00955db1c1352ab37e1502b118c1a777c5004e307ef60d3d7605e83f2a894640a978dbc5003d4a9fe1152205feee2a0ce3de919cf622802c34a8aa72050b26fc6171f4aae137904fe55283b718fa62802c6e0060707a51b94f53c55767f5a66e2c703b5004ccfce107078ab30a818ed5042bb0673f35480f1fad0236f4f50a8c77e7b81ed5791b158f6ae442a7392a7183d6b555832823a1a605a8e5ab713d66af153c4f4d0cd356a955b354e27ab2a69816e3352d568cd5a53c5003978a534034b4c42014dc53e8a0045a72d0052d0014d268cd358d00480d14c534f073401f3da9cfd29f9f4a8d78a3bd6604a1bd294b7cb50e714b9a00915f07de82dd6a327d6806802456e306959b2071f9546bc7bd19a007e4d2fcc7914d5c839a7641f6a062039c67f0a7e71f4a650bda802407bd3f24f5a888a70cf07b5021d8fce98453cd211cf038a06342fae28eb4ec0e781f5a3a7079a0001cf514e1c8a4518a72819ebc50039013c019a9b68078e6a3047007029f9f978fce900f518c123269e0fa9a8fe70a188c0ce012293249e71fca80265e8739f6a55da3b0cd45bb9e4d3811c714012ab6473eb4a73b7d2a3df81c536472cb4c0476f9700739f5a9e08ceded51429dcf5ab1b805e0d003f3c0c9a148cf5e45425f279a7203e98a045db672a4edf4fad6dd949e6420824e383583115182c48fa56ad84823982a9f948dbf5cd303485394e0d479e6a4c5032cc2fd2af467359719c55fb76a605d8eac29e2aba9e2a4534c0b0a69e0f150ab53c1a0092941a68e68ce2980f149f4a6839a334080f5a61a71a69e6800069ca714d1499cd0078063d297f4a14fad2e31598c4a319ce7ad3b349ef400dc7ad2e3e9cd2f5a7a81400aa3b51b4f7a5c7a53a801a79ed8a4c7a53faf7a4e9d280131914a0628c668c500078e94039ef8a18fae7341f73400f071e946e0477a8c1e7b9a701c64d2017aad0074ef4a2941c67f5a60073918c669d8c1e4e7e94c0dce697b66900f66c7d29cae41a8c73f5a5cfa673400f2d9249a5de7d40f7a8c1c529e7f9fbd0048bc8e7f3a7a9f7a88638e79a7a91cf3c7f3a007838cf1c53969aa7ae718ed4aa7d28024c91d3f0a17381939a1791cd48bc7f2a60017e61f9d39a43da93196a52b8ef9f4a0011b1d09e6afc6e55908391c64d50039ab3031270460f5a0474aac1b04743cd3fad54b07df6cb8edc62adaf14c648bc55bb76e6a98a9e134c0d58cd499c55685b18a9b39a007eea915eab9a5dd4c0b8ad4ece6aa2bd4caf4012d2e698a69739a043a9318a51ef499c9a0063734138a7371519e6803e7f0fcd2eeaae0d3b35032757f7a50f5066937500582dc5383f22ab6ea5524d005c127a52861f8d570d4a1a802c8e7a559b1b3b8beb84b7b385e699ce1511724d767e11f055b6bfe0ebabf8fed23518d9d6250c3648c0020723fad7a47c13d160b1f0fbdd4b6fb350795e395dc7ccbb4e368f6e2bcec46630a51972ead3b58eea3809cdc79b44d5cf08d534eb8d2efa4b3bc509711e03a860db4e338e3bd57113946754628b8c9c702bdda3f0126bde3bd5f53d6ed3c8d3924c451a9dbf68200f9b8e71df3df3597acc52f89da5f0ef84f4b834fd1209b13ddb2604aca7f5fd4fd2a6398c5d97926df45fd76096065abf5b2eacf19233e94d61c9f4aef7c63e18d13c2f64637d45eff00547e1628f08b1fbb0e4fe1c5708326bb69568d58f3476396ad29527cb2dc6a8c734e5ebc538a1e091d79a31fa56a661ce68c5071f8d0c7005002938a6f7c9a4e5bbd3f6e00efcd00213f88a072bc62948c75a198761ec6801ca31c74a09db480f5c9fc3d699d4fa5003b39c7f2a954f61cfb543dce2a5000e7ad004aa3a73f36326a451e95129e78cd4c839c0ef4012751c7045381cfde140183c53c0e334009dc0c5388e7fad2a8e7b0a77f91400c39ebf954d0905f2719c526ce392050bc676d311b3a6b82cc3d79ad1ac5d35fe7181d38ad9a631e2a58ce2a115229a00bb13d5b439ace8cd5d84f14c099a9b4e3c8a6d301d9c53d1aa12685383408b61ba54a0d5546e2a556cf140c9739a5ce2a3ce28ce6801dd69318a51c5231a047ce8ad4ecd45d29d9a818edd46ea6d2819a005cd3c36291622dd054a90138ce050037273c575de06f097fc2522ed16ed6de7882945233bb39c9fd2b4fe1d689e1cd4efededb526bc9af5c93e5850b171ce091cf6f6af58d6a4d1fc17a34da85ad85b4332af9712c68159d8f419ebdb3f857978dc7384bd8d34f99ec7a784c1a92f6b52dca8c3f0967c05a0ddc3e23b88e384cec6dd54e5e41ea00f5a743e3ed72ef9f0df86a696db2489644621bdfe5e3f5359ba1e9311b593c5fe3a98ca580921b77e98fe1f97dfb2fe75a963e21f19eb98b8d0b4db4b1d347111b9e0b2ff87d057992507294da527d5b768dfb2ee77a73e5504da5d15aeede7d8d2d2fe216a36d2a0f156853e9f03b6d17211b629f707fc6bb4d51bed9a3c9fd973c692dc467cab851b80cf4618ae50f882ea18d6cbc67a6c315adc7ee8dd44dbe02c7b303cae7d4d733a05ecbe0ff0019b685772bb69376775a339c84c9e003f5e0fe06b99c3da5dc159ad74d534b7b79aec6d17c8d29bba7a766bd7fccded27e1d787f4c0751d6e57bc78879b34b74f8427b923fc49af1df1a6bbfdbbaccb2431450d946c52de28a308153b741d6be84f15785a1f14dbdbc1777b730dac792d0c2400ec7a1391dabcde1f835343f699750d62082da3dcc1d50b7ca3bb648038aedc0e32926ea579de5fd6c716330d3768518d91e4bfe734dc8c7353ea514305f4d15adc0b986362a92852a1c7ae0d5761eb5f429dd5cf15ab3b0673c018a503e5e7f4a4e839a323ffad4c43d48ec29720723ad460f4c6697393f4eb401260be4e7f3a6aed0d961900f23d6a3dd9f6149d7a75a0073364f1d29718eb9c52a00a33d7d4fa52c8c7aff0093400dcfcdc1c66a58c9e31d2a2dd93c60d4b1f5ce3f3a00b2a46edc140c1ce2a655040a8a31807352a7eb9a0091381cf4a72f06999e79ed4e0dc5003c11d714a1ba8a66719c834bd4f1f87340121f7ce7d29cb8dc73c7b5347ddf7068c163d39fad3026b6729260315ddc722b76da41244a463818e2b9e5438cb1c63f5ad6d31f6e509ebc8a00d214f14c14f14c09633cd5e85ab397ad5c85a981781e290d354d3a8018d4838a730a61a0072b54c8f8aafd297340167764d4aa6aaa9e29ead4c0b19a4eb5186cd3c5007cee45016ac6cf5a0103a0a802358cf7e2a5555078a6e79e6baaf0178565f12ea3f3064b184833483ff411ee6aa31727646756a46941ce6f4473cd0cb1c31c8d1bac7267631180d8eb83debbdf859a3e8ba85d1b9d52e11e785be5b593015bd1b9ebf4af5abcf0de957fa447a75c5aab5b46bb6351c14c7707d6b86d53e11c618be97a8ba03d1265cfea314f1781a938384256f347260b3ba119f3d58fde7a4daa5a15df6ab0607cb9880e3db8ae2be24c0fa9f883c33a537314d3b3c8077518cfe99a3c1ba75d7832de58efe19e58247dd24d13078d3df6e030f7eb577c473431f8cbc2fa8f981eda4f3225707e5cb0f94e7f1af91faa54c2622d24f6767df467da4319471b87e6a6d3d55edd3541af5a26b3e32b6b0bb23fb2f4db7fb5cb1918566270a0fb00334f4d2ee7c6567f6abcbfb9b2d3651fe8d6b6c421283a339c739eb8e94b63e543e39d76cf517556d4228cdb96380e81482a3df27a562cd6707c3db69661a84ba86af709f67b280e708a4f076e4f4ffeb54453b2841fbd656d3beafd35ddf91a49ad6525a5ddfe5a2fc3a79993a05e5c3e93e2df0fdf4cf77696504ad14ae73b4a9207f423e954fc4f24b7ff000ebc37abb93f68b799adb7fa819c73ff0000152eb817c2de15fec9c8935ed58892ef1c98d4f45fc738fc4d4de29b79068fe18f075a286bdc89a655e76b36783ff7d31fa0aef872fb48d45d657f928d9bf4670cdbf66e0fa2b7cdbba5f23d89b57163e155d5668a59f6db2ca638972cc481c0fcebc73e2078dfc49a9695f67bbd29f4cd3ae4f0c5181900e71b8f1f90af70b76b6d2b4f845ccf1c51448b18791828e063a9aa7e24d1ac3c55a14b6b772afd95f122cc847cb8e7703d3d6bcbc257a7466a5285f5dfb7a1db8aa53a916a32b687c9df7ba53b3ebffebaea3c75a3e89a3dc451e83ab8d4436e120c03b08c7f10e0e727f2ae57b7b57d7d3a8aa45491f35520e12e562f27eb4b4dcf6e94e02ac80f5cf143628dd4de58d002939e053d709db9a681b450c78a005ddcd37f1a41ea690b6e6005301ea3afe553458183f9d44a39c0e9562318c71c520258ceee99ab099e338cd4109c918abf1ec00163919e7da80191a127dfad4e223ec3eb4c69f6f08a4fa60629af2bb1c8c2fe19a00b0912eec3104fa53595037d4f3db150f38e5dbf3a0229e300fbd00590f195c02b9fad2878f9f980c7539a814019f969bbb631dca08e829812bb293ed56a06214373b5791db26a928591729c1f6e281234183bb7a365403d8f5a00ea2de4f3230dc83dc1a9856268b71e64aebea335b6b4c05ab309aafdeac4229816e335303502d3f3400f6e6a36a767d29ad400d340e28a463400f56a7ab5400d3c362802c2b53b7540ad4fcd00782eea4cd368352068e9da7bde2b90ea8704461bac8c06768f7c7f4f5af5af81da844fa65ee9f80278e4f37eaa401fa63f5af33f0f3457482098859606f32160704648ce3b678fd4d5cf0debeba278c05f5b93f65790ac80700a1ebc7a771f4ae9a2d539291c18ba6f114e54faeebfaf33e914609f31e00e73e95e6fac7c52822d796dace03369f1b159255fbce7fd9f6cfe75d0f8eafcc1e0bd42ead9cfcd1008cbfed1033fad72be13f04dce8d225ffd9ecb532e8ae8b2128d19c678ce467fc2b4c6caa2838d24dbf23ccca69e1d4d54c4b495ecafaaf9a3d2749bd5beb28a7114b124a37049800d83ea39ae5fc47e1b17a2eb4a8a4312b0fb6da13d22901c328f6391f99ad35d7d2df1fda7637b663fbed1ef41ff00025ce3f1ac9f146897fe23ba8352d16f444f6d129b6756f964249ddc8fa2d7ca7d66b4612a58abc7ac5bd6cefdfa9f70b09879558e270566b55251b59ab6f6ef733edeff004fd5e05d1fc768d65a9dafcb15cb36cddfed2b741fc8d65deea9e1bf0b4d24da3492eb5ad30db14f3379890fbe71c9fa7e75a12f8bae2d62fb178dfc3cd2edf97cf58c32b7be0f1f91aa76be2ed2fce11f84bc2492dde72aef10c83eb8193fa8ac6109ff002be5f292e5ff0080bc8ea9ce1fccb9bcd3e6fbbbf994f47d2e5d37ccf17f8c59de72dbed6da4fbf34a7ee923b01c71eded5dff00c3bf0cc96f2c9e20d706fd66f097c11fea54f451e871f90e2aaf877c2ba8ea5aa45ad78c2559a78fe682cc7fab84f5e7b7ff00aba9aebf5cb2fed9d0ee6ced6ecc0665dab3c473b79ffeb62b931389e77ca9efa36b64bb2f2efdcda850e55cd6db6beedf77e7dbb199e3df080f175b5ac4f7cf68b6eccc02a6e0d91e991e9fad78bf8aeeb5bf0b7dafc2a3527934e187000c6e5619c7a8f719c56debbe34f12f85166f0ebcf0c93db1012f36e5ca1191d78efdeb82f116b97bafdeaddea2c8d7023119655c6e03a13efcd7a997e16ac12e769c3a7e8cf3f1b5e9cafc9753ebfe466e33498a3a734035ed1e48a4519ed499e4fa5275a0053c8a728e3de91477a5634c018e3e94d5fad23b714cdd8ed400e66fe11d6a489723f4a8e252793f8d5a543b4914000181c7d2a64e33bbf9d427e56e064d4b1afcdf3d004b92482381ef4f52598649a6018c0a95473cf61480957214f2452a8c53178e29e0f1c5003c7039e29c38e6998dc79a77001c8c1a007f4c11eb9a71c329ff001a6fe34f53923a7d40c50046a3ca61cd492461e17014648cae73c1ff003fce9d2282bd29b6ac7715269815743b861a847fddced22bb2535c359868f5a008e3cdc81f5aed11a9a02d47cd5b8874aa90f357129812fd297a0a6f4a5cd002838a5a6519a00731a652f5a43400946714536801e1b9a787a8734b9c500786514829454812da4ed6d7093478dca7383d0fb1aeaedacf4fbeb055b70522f33cd63c6f1eab9f419c7e47b9ae3f15a7a1decb6f7891465764ac1183286e0f07af1d09ab835b332ab06d5e3b9e9fe19d4d3c47e0cd53420c5e6b68d8405cf2e80e53f11803f2aee7c07a826ade13b324e5847e4483b861f29cff009ef5e2967792689acd9eb9000b04af89215006d0782a7181ce09e80641f4af45f0cddc7a378ade1420699acafda2d5bb093b8fc7fc2bba94ef6bfa7f91e1e2f0eb965cbd75f9fda5fa9d7689f6db098e9b791ac96f0a1315c23e4b283c2b0ec71fcaa7d3a6b6d2e1d5a599d6ded229cbf2785ca296c7e24fe26a0bcb1bab5bdfb658cd7134734989ad9983280dc6e5cf4c707e95cc6b7ad69f3eb16ba14d206fb46a2cf703b2aab1daa7ea42d7cde6785ab184e324f95c935d6cacdbf43e9f27c651ad529ce2d73a8b52d2d7778daf6dfd7d4f45f3ed5ac7ed13b22c0503665f94007d734b34b65a4d84b75388aded6252eecab8007e15cb7c47b77bad174fb556da935f411c9838ca93fe38acdf8d1acc563e191a786266bd60154765520927f415f354682ab28463f69dbe48fa9ad57d9c6727d11e83657f6f7ba725edb386b69137a39181b71d79af19f07fc4983c3ba5cf6335b4d77b6e1da121c28d84ff00faff003ae97c0fe25b0d63c0d3e97b9a1b8b4b16490138f94291b81af08cfcc6bd6c060632955a555689afd4f37198b94153a94dee9fe87a97c648b4bd4acf4df1169b728d25d0113c608271b7209f423a1fc2bcbb383f4a6b313dc91ef499cd7b586a1ec29aa77bd8f22bd5f6d3e7b5ae3c1f9b9a18818ef9a66693a9adcc47af4f7a72f279e299839e69c4e05301cc70299bb20f34c2727bd324902f03ad002bbe3fc2a48222e72d4db784b302ddfd6ae021385ebe9400e09b07cdc628662c7e5e053324e4b724fbf4a14e71fce80244e3a54a833f8530601193cf6f7a72e588ed48099719e7269ea702a35385e29d8fc39a009179ed8a91477cd313da9fdbff00ad400f5183cf5fe54e3ea69887ae29fc605001b89e0d4ca30bf5a8939fcea5e84500383678e0d4528f2dc374a98e028c7ae78a4917cc84af56c6453020f2f3aa5b4a98c3900e063915d2a75ac2b15324f6f907e5627f4adf41cd005a86aec7d2a9c2315614e2a844f8a5e94d53c53b340c69a6f7a775a42280141a5a6138a4073400b47b528e7a52e314011f4a514b8cd18c500786eda00228a2a4073b1772c7033d80c5341c107bd1450075166f1ea7a7346652b239fde0c700fae7df01bfe02deb5d368aa355d36ef43b79dbedba6917162cfc3e46094fc0e4514575d2d5af33cdc4ae552b74d57a9eafe08d6d75cd160b93f2ce998e74c60ac83a8c5782f8d2463e32d5993706fb5be3d7ef51453c536e9c5b39f2e82862aa463d0ea7e2478a65f274bd22ce7632d92c724f306e7cd0bd33ea39cfbfd2b37c75ad0d73c37e1db99e457be0b324c07b15009fae28a2bc1a187a71852925aeff007a773eaebd79ca5562de9fe4d1cc69baa5c69d15e2da90a6ea1303b770a48271f5c62a8034515e828a4db5d4f3dc9b493e82668cf1451542101e79ef4f5193451400a4e29b92dc76a28a0064ae1571de96d61de7735145005869369d89c7a9a720c8a28a007a918c60d00607279a28a043d39c66a65385fc28a290c7a9cf5f5a917a1a28a043fb019a767920d145031e063eb5267a67ff00d54514007a54a9f7baf4e9c51450049d89f5a6e369c8e0d145302e69c99bd73d9533d3d7ff00d55b51ad1453404c9c54c0d145301e1a9e0e45145021c38a4268a2818c639a6eec514500394d49d68a28011b8a6139a28a00ffd9);

-- --------------------------------------------------------

--
-- Estructura de tabla para la tabla `boleta_1`
--

CREATE TABLE `boleta_1` (
  `idboleta1` int(11) NOT NULL,
  `numboleta1` varchar(20) NOT NULL,
  `pago1` decimal(20,2) NOT NULL,
  `fechapago1` date DEFAULT NULL
) ENGINE=InnoDB DEFAULT CHARSET=utf8mb4 COLLATE=utf8mb4_general_ci;

--
-- Volcado de datos para la tabla `boleta_1`
--

INSERT INTO `boleta_1` (`idboleta1`, `numboleta1`, `pago1`, `fechapago1`) VALUES
(1, '342332', 300.00, '2023-12-12'),
(5, '665881', 300.00, '2023-12-22'),
(6, '444233', 400.00, '2023-12-11'),
(8, '4433553', 300.00, '2022-12-12'),
(9, '0011112222', 200.00, '2024-01-01');

-- --------------------------------------------------------

--
-- Estructura de tabla para la tabla `boleta_2`
--

CREATE TABLE `boleta_2` (
  `idboleta2` int(11) NOT NULL,
  `numboleta2` varchar(20) NOT NULL,
  `pago2` decimal(20,2) NOT NULL,
  `fechapago2` date DEFAULT NULL
) ENGINE=InnoDB DEFAULT CHARSET=utf8mb4 COLLATE=utf8mb4_general_ci;

--
-- Volcado de datos para la tabla `boleta_2`
--

INSERT INTO `boleta_2` (`idboleta2`, `numboleta2`, `pago2`, `fechapago2`) VALUES
(26, '553333', 500.00, '2023-11-08'),
(28, '22554452', 50.00, '2024-01-18');

-- --------------------------------------------------------

--
-- Estructura de tabla para la tabla `boleta_3`
--

CREATE TABLE `boleta_3` (
  `idboleta3` int(11) NOT NULL,
  `numboleta3` varchar(20) NOT NULL,
  `pago3` decimal(20,2) NOT NULL,
  `fechapago3` date DEFAULT NULL
) ENGINE=InnoDB DEFAULT CHARSET=utf8mb4 COLLATE=utf8mb4_general_ci;

--
-- Volcado de datos para la tabla `boleta_3`
--

INSERT INTO `boleta_3` (`idboleta3`, `numboleta3`, `pago3`, `fechapago3`) VALUES
(5, '5533333', 200.00, '2024-01-15');

-- --------------------------------------------------------

--
-- Estructura de tabla para la tabla `clase`
--

CREATE TABLE `clase` (
  `idclase` int(11) NOT NULL,
  `pagototal` decimal(20,2) DEFAULT NULL,
  `admin_idadmin` int(11) NOT NULL,
  `nivel_idnivel` int(11) NOT NULL,
  `alumno_idalumno` int(11) NOT NULL,
  `boleta_1_idboleta` int(11) NOT NULL,
  `boleta_2_idboleta` int(11) DEFAULT NULL,
  `boleta_3_idboleta` int(11) DEFAULT NULL,
  `turno_idturno` int(11) NOT NULL,
  `fechaRegistro` date NOT NULL,
  `uniforme` tinyint(1) NOT NULL,
  `estado` tinyint(1) NOT NULL,
  `nota` varchar(1000) DEFAULT NULL,
  `tipopago` varchar(100) DEFAULT NULL
) ENGINE=InnoDB DEFAULT CHARSET=utf8mb4 COLLATE=utf8mb4_general_ci;

--
-- Volcado de datos para la tabla `clase`
--

INSERT INTO `clase` (`idclase`, `pagototal`, `admin_idadmin`, `nivel_idnivel`, `alumno_idalumno`, `boleta_1_idboleta`, `boleta_2_idboleta`, `boleta_3_idboleta`, `turno_idturno`, `fechaRegistro`, `uniforme`, `estado`, `nota`, `tipopago`) VALUES
(3, 1000.00, 1, 3, 1, 1, 26, 5, 4, '2024-01-12', 0, 1, 'DEBE 5', NULL),
(5, 350.00, 1, 1, 1, 5, 28, NULL, 1, '2023-12-22', 1, 1, 'Debe 100', 'Yape'),
(6, 400.00, 1, 1, 4, 6, NULL, NULL, 3, '2023-12-11', 1, 1, 'Debe 100', NULL),
(8, 300.00, 1, 3, 4, 8, NULL, NULL, 3, '2022-12-12', 1, 1, 'N/A', 'Visa'),
(9, 200.00, 1, 1, 5, 9, NULL, NULL, 1, '2024-01-01', 1, 1, 'Debe 100', 'Efectivo');

-- --------------------------------------------------------

--
-- Estructura de tabla para la tabla `nivel`
--

CREATE TABLE `nivel` (
  `idnivel` int(11) NOT NULL,
  `nomnivel` varchar(100) NOT NULL,
  `descripnivel` varchar(1000) NOT NULL
) ENGINE=InnoDB DEFAULT CHARSET=utf8mb4 COLLATE=utf8mb4_general_ci;

--
-- Volcado de datos para la tabla `nivel`
--

INSERT INTO `nivel` (`idnivel`, `nomnivel`, `descripnivel`) VALUES
(1, 'Basico', 'asdasdasdasdasd'),
(2, 'Intermedio', 'asdasdasdasd'),
(3, 'Avanzado', 'asdasdasdasdasd');

-- --------------------------------------------------------

--
-- Estructura de tabla para la tabla `profesor`
--

CREATE TABLE `profesor` (
  `idprof` int(11) NOT NULL,
  `nombresp` varchar(50) NOT NULL,
  `apellidosp` varchar(50) DEFAULT NULL
) ENGINE=InnoDB DEFAULT CHARSET=utf8mb4 COLLATE=utf8mb4_general_ci;

--
-- Volcado de datos para la tabla `profesor`
--

INSERT INTO `profesor` (`idprof`, `nombresp`, `apellidosp`) VALUES
(1, 'Gustavo', 'Soberanes'),
(2, 'John ', 'Navaja'),
(3, 'Diego ', 'Barbas');

-- --------------------------------------------------------

--
-- Estructura de tabla para la tabla `turno`
--

CREATE TABLE `turno` (
  `idturno` int(11) NOT NULL,
  `nombret` varchar(100) NOT NULL,
  `profesor_idprof1` int(11) NOT NULL
) ENGINE=InnoDB DEFAULT CHARSET=utf8mb4 COLLATE=utf8mb4_general_ci;

--
-- Volcado de datos para la tabla `turno`
--

INSERT INTO `turno` (`idturno`, `nombret`, `profesor_idprof1`) VALUES
(1, 'LM - Mañana', 2),
(2, 'LM - Tarde', 2),
(3, 'MJ - Mañana', 3),
(4, 'MJ - Tarde', 1);

--
-- Índices para tablas volcadas
--

--
-- Indices de la tabla `admin`
--
ALTER TABLE `admin`
  ADD PRIMARY KEY (`idadmin`);

--
-- Indices de la tabla `alumno`
--
ALTER TABLE `alumno`
  ADD PRIMARY KEY (`idalumno`);

--
-- Indices de la tabla `boleta_1`
--
ALTER TABLE `boleta_1`
  ADD PRIMARY KEY (`idboleta1`);

--
-- Indices de la tabla `boleta_2`
--
ALTER TABLE `boleta_2`
  ADD PRIMARY KEY (`idboleta2`);

--
-- Indices de la tabla `boleta_3`
--
ALTER TABLE `boleta_3`
  ADD PRIMARY KEY (`idboleta3`);

--
-- Indices de la tabla `clase`
--
ALTER TABLE `clase`
  ADD PRIMARY KEY (`idclase`),
  ADD KEY `clase_admin_fk` (`admin_idadmin`),
  ADD KEY `clase_alumno_fk` (`alumno_idalumno`),
  ADD KEY `clase_boleta_1_fk` (`boleta_1_idboleta`),
  ADD KEY `clase_boleta_2_fk` (`boleta_2_idboleta`),
  ADD KEY `clase_boleta_3_fk` (`boleta_3_idboleta`),
  ADD KEY `clase_nivel_fk` (`nivel_idnivel`),
  ADD KEY `clase_turno_fk` (`turno_idturno`);

--
-- Indices de la tabla `nivel`
--
ALTER TABLE `nivel`
  ADD PRIMARY KEY (`idnivel`);

--
-- Indices de la tabla `profesor`
--
ALTER TABLE `profesor`
  ADD PRIMARY KEY (`idprof`);

--
-- Indices de la tabla `turno`
--
ALTER TABLE `turno`
  ADD PRIMARY KEY (`idturno`),
  ADD KEY `turno_profesor_fk` (`profesor_idprof1`);

--
-- AUTO_INCREMENT de las tablas volcadas
--

--
-- AUTO_INCREMENT de la tabla `admin`
--
ALTER TABLE `admin`
  MODIFY `idadmin` int(11) NOT NULL AUTO_INCREMENT, AUTO_INCREMENT=3;

--
-- AUTO_INCREMENT de la tabla `alumno`
--
ALTER TABLE `alumno`
  MODIFY `idalumno` int(11) NOT NULL AUTO_INCREMENT, AUTO_INCREMENT=6;

--
-- AUTO_INCREMENT de la tabla `boleta_1`
--
ALTER TABLE `boleta_1`
  MODIFY `idboleta1` int(11) NOT NULL AUTO_INCREMENT, AUTO_INCREMENT=10;

--
-- AUTO_INCREMENT de la tabla `boleta_2`
--
ALTER TABLE `boleta_2`
  MODIFY `idboleta2` int(11) NOT NULL AUTO_INCREMENT, AUTO_INCREMENT=29;

--
-- AUTO_INCREMENT de la tabla `boleta_3`
--
ALTER TABLE `boleta_3`
  MODIFY `idboleta3` int(11) NOT NULL AUTO_INCREMENT, AUTO_INCREMENT=6;

--
-- AUTO_INCREMENT de la tabla `clase`
--
ALTER TABLE `clase`
  MODIFY `idclase` int(11) NOT NULL AUTO_INCREMENT, AUTO_INCREMENT=10;

--
-- AUTO_INCREMENT de la tabla `nivel`
--
ALTER TABLE `nivel`
  MODIFY `idnivel` int(11) NOT NULL AUTO_INCREMENT, AUTO_INCREMENT=4;

--
-- AUTO_INCREMENT de la tabla `profesor`
--
ALTER TABLE `profesor`
  MODIFY `idprof` int(11) NOT NULL AUTO_INCREMENT, AUTO_INCREMENT=4;

--
-- AUTO_INCREMENT de la tabla `turno`
--
ALTER TABLE `turno`
  MODIFY `idturno` int(11) NOT NULL AUTO_INCREMENT, AUTO_INCREMENT=5;

--
-- Restricciones para tablas volcadas
--

--
-- Filtros para la tabla `clase`
--
ALTER TABLE `clase`
  ADD CONSTRAINT `clase_admin_fk` FOREIGN KEY (`admin_idadmin`) REFERENCES `admin` (`idadmin`),
  ADD CONSTRAINT `clase_alumno_fk` FOREIGN KEY (`alumno_idalumno`) REFERENCES `alumno` (`idalumno`),
  ADD CONSTRAINT `clase_boleta_1_fk` FOREIGN KEY (`boleta_1_idboleta`) REFERENCES `boleta_1` (`idboleta1`),
  ADD CONSTRAINT `clase_boleta_2_fk` FOREIGN KEY (`boleta_2_idboleta`) REFERENCES `boleta_2` (`idboleta2`),
  ADD CONSTRAINT `clase_boleta_3_fk` FOREIGN KEY (`boleta_3_idboleta`) REFERENCES `boleta_3` (`idboleta3`),
  ADD CONSTRAINT `clase_nivel_fk` FOREIGN KEY (`nivel_idnivel`) REFERENCES `nivel` (`idnivel`),
  ADD CONSTRAINT `clase_turno_fk` FOREIGN KEY (`turno_idturno`) REFERENCES `turno` (`idturno`);

--
-- Filtros para la tabla `turno`
--
ALTER TABLE `turno`
  ADD CONSTRAINT `turno_profesor_fk` FOREIGN KEY (`profesor_idprof1`) REFERENCES `profesor` (`idprof`);
COMMIT;

/*!40101 SET CHARACTER_SET_CLIENT=@OLD_CHARACTER_SET_CLIENT */;
/*!40101 SET CHARACTER_SET_RESULTS=@OLD_CHARACTER_SET_RESULTS */;
/*!40101 SET COLLATION_CONNECTION=@OLD_COLLATION_CONNECTION */;
